DATA_TYPE,TIS_DATA_REQUEST,SITE_XN_ROUTE,LOC_LEG,DATE,TIME,CLASS,LANE,SPEED,WHEELBASE,HEADWAY,GAP,AXLE,AXLE_GROUPING,RHO,VEHICLE,DIRECTION
IND,208,10488,28656,31/05/2021,02:12:22,15,2,27.5,0.9,7520.2,7520.2,2,1,1.00,CYCLE,S
IND,208,10488,28656,31/05/2021,03:47:49,15,2,37.7,1.1,5727.2,5727.1,2,1,1.00,CYCLE,S
IND,208,10488,28656,31/05/2021,04:57:21,15,2,31.9,1.0,4172.3,4172.1,2,1,1.00,CYCLE,S
IND,208,10488,28656,31/05/2021,06:18:07,15,2,29.2,1.0,12.2,12.1,2,1,1.00,CYCLE,S
IND,208,10488,28656,31/05/2021,07:01:51,15,2,20.6,1.0,27.4,27.1,2,1,1.00,CYCLE,S
IND,208,10488,28656,31/05/2021,07:23:03,15,2,29.0,1.0,144.3,144.3,2,1,1.00,CYCLE,S
IND,208,10488,28656,31/05/2021,07:42:05,15,2,20.5,1.1,204.9,204.7,2,1,1.00,CYCLE,S
IND,208,10488,28656,31/05/2021,07:42:56,15,2,18.0,1.1,50.9,50.7,2,1,1.00,CYCLE,S
IND,208,10488,28656,31/05/2021,08:08:23,15,2,23.5,1.1,553.8,553.8,2,1,1.00,CYCLE,S
IND,208,10488,28656,31/05/2021,08:09:29,15,2,39.8,0.9,65.9,65.7,2,1,1.00,CYCLE,S
IND,208,10488,28656,31/05/2021,08:14:45,15,2,14.7,1.0,316.1,316.0,2,1,1.00,CYCLE,S
IND,208,10488,28656,31/05/2021,08:35:43,15,2,31.0,1.1,1257.5,1257.3,2,1,1.00,CYCLE,S
IND,208,10488,28656,31/05/2021,08:49:45,15,2,16.0,1.1,841.7,841.6,2,1,1.00,CYCLE,S
IND,208,10488,28656,31/05/2021,09:32:50,15,2,12.1,1.0,316.7,316.5,2,1,1.00,CYCLE,S
IND,208,10488,28656,31/05/2021,10:02:25,15,2,50.4,0.9,103.2,102.9,2,1,1.00,CYCLE,S
IND,208,10488,28656,31/05/2021,10:22:14,15,2,17.6,1.0,299.6,299.1,2,1,1.00,CYCLE,S
IND,208,10488,28656,31/05/2021,10:29:59,15,2,20.9,1.0,464.7,464.4,2,1,1.00,CYCLE,S
IND,208,10488,28656,31/05/2021,10:31:12,15,2,24.4,0.8,73.5,73.3,2,1,1.00,CYCLE,S
IND,208,10488,28656,31/05/2021,11:08:40,15,2,23.5,1.1,2247.4,2247.3,2,1,1.00,CYCLE,S
IND,208,10488,28656,31/05/2021,11:28:33,15,2,24.0,1.0,1193.4,1193.3,2,1,1.00,CYCLE,S
IND,208,10488,28656,31/05/2021,11:30:25,15,2,28.3,0.9,111.6,111.4,2,1,1.00,CYCLE,S
IND,208,10488,28656,31/05/2021,11:54:39,15,2,15.6,1.0,815.2,815.0,2,1,1.00,CYCLE,S
IND,208,10488,28656,31/05/2021,11:59:15,15,2,24.5,1.0,275.8,275.6,2,1,1.00,CYCLE,S
IND,208,10488,28656,31/05/2021,12:08:16,15,2,24.0,0.9,541.1,541.0,2,1,1.00,CYCLE,S
IND,208,10488,28656,31/05/2021,12:44:36,15,2,19.4,1.0,613.6,613.6,2,1,1.00,CYCLE,S
IND,208,10488,28656,31/05/2021,12:46:23,15,2,18.4,1.0,107.2,107.0,2,1,1.00,CYCLE,S
IND,208,10488,28656,31/05/2021,12:54:03,15,2,16.4,1.0,337.7,337.5,2,1,1.00,CYCLE,S
IND,208,10488,28656,31/05/2021,13:01:01,15,2,38.1,0.9,418.4,418.2,2,1,1.00,CYCLE,S
IND,208,10488,28656,31/05/2021,13:16:31,15,2,26.4,1.0,929.9,929.8,2,1,1.00,CYCLE,S
IND,208,10488,28656,31/05/2021,13:18:01,15,2,27.7,0.9,89.3,89.1,2,1,1.00,CYCLE,S
IND,208,10488,28656,31/05/2021,13:46:49,15,2,22.2,0.9,1728.2,1728.1,2,1,1.00,CYCLE,S
IND,208,10488,28656,31/05/2021,13:53:27,15,2,30.8,1.0,397.7,397.6,2,1,1.00,CYCLE,S
IND,208,10488,28656,31/05/2021,14:07:33,15,2,23.2,1.0,630.1,629.9,2,1,1.00,CYCLE,S
IND,208,10488,28656,31/05/2021,14:10:46,15,2,22.9,1.0,159.6,158.6,2,1,1.00,CYCLE,S
IND,208,10488,28656,31/05/2021,14:11:07,15,2,22.8,1.1,21.2,21.0,2,1,1.00,CYCLE,S
IND,208,10488,28656,31/05/2021,14:14:20,15,2,29.5,1.1,192.9,192.7,2,1,1.00,CYCLE,S
IND,208,10488,28656,31/05/2021,14:25:00,15,2,15.8,1.1,639.7,639.5,2,1,1.00,CYCLE,S
IND,208,10488,28656,31/05/2021,14:28:42,15,2,17.9,1.1,221.8,221.5,2,1,1.00,CYCLE,S
IND,208,10488,28656,31/05/2021,14:30:20,15,2,23.8,1.0,98.3,98.1,2,1,1.00,CYCLE,S
IND,208,10488,28656,31/05/2021,14:30:21,15,2,22.4,1.0,0.6,0.5,2,1,1.00,CYCLE,S
IND,208,10488,28656,31/05/2021,14:39:09,15,2,22.3,1.0,528.1,527.9,2,1,1.00,CYCLE,S
IND,208,10488,28656,31/05/2021,14:58:16,15,2,21.3,1.0,1146.9,1146.7,2,1,1.00,CYCLE,S
IND,208,10488,28656,31/05/2021,14:58:34,15,2,13.5,1.1,18.8,18.6,2,1,1.00,CYCLE,S
IND,208,10488,28656,31/05/2021,15:14:17,15,2,21.3,1.0,942.8,942.5,2,1,1.00,CYCLE,S
IND,208,10488,28656,31/05/2021,15:15:35,15,2,23.5,1.1,77.5,77.4,2,1,1.00,CYCLE,S
IND,208,10488,28656,31/05/2021,15:24:52,15,2,19.3,1.0,556.8,556.7,2,1,1.00,CYCLE,S
IND,208,10488,28656,31/05/2021,15:28:02,15,2,29.9,1.0,190.0,189.8,2,1,1.00,CYCLE,S
IND,208,10488,28656,31/05/2021,15:28:25,15,2,22.8,1.1,23.7,23.6,2,1,1.00,CYCLE,S
IND,208,10488,28656,31/05/2021,15:30:39,15,2,19.2,1.0,133.6,133.4,2,1,1.00,CYCLE,S
IND,208,10488,28656,31/05/2021,15:35:24,15,2,26.0,1.1,189.1,188.4,2,1,1.00,CYCLE,S
IND,208,10488,28656,31/05/2021,15:43:21,15,2,27.9,1.0,100.3,100.2,2,1,1.00,CYCLE,S
IND,208,10488,28656,31/05/2021,15:48:41,15,2,28.0,1.0,35.7,35.6,2,1,1.00,CYCLE,S
IND,208,10488,28656,31/05/2021,15:53:29,15,2,20.0,1.1,288.0,287.9,2,1,1.00,CYCLE,S
IND,208,10488,28656,31/05/2021,16:00:51,15,2,10.5,1.0,186.4,186.1,2,1,1.00,CYCLE,S
IND,208,10488,28656,31/05/2021,16:09:10,15,2,26.5,1.0,499.7,499.4,2,1,1.00,CYCLE,S
IND,208,10488,28656,31/05/2021,16:14:18,15,2,28.3,1.0,280.2,280.0,2,1,1.00,CYCLE,S
IND,208,10488,28656,31/05/2021,16:18:54,15,2,17.5,0.9,9.7,9.3,2,1,1.00,CYCLE,S
IND,208,10488,28656,31/05/2021,16:26:46,15,2,28.3,1.1,126.0,125.7,2,1,1.00,CYCLE,S
IND,208,10488,28656,31/05/2021,16:29:19,15,2,24.7,1.0,152.7,152.6,2,1,1.00,CYCLE,S
IND,208,10488,28656,31/05/2021,16:45:14,15,2,26.1,1.0,431.4,431.2,2,1,1.00,CYCLE,S
IND,208,10488,28656,31/05/2021,16:52:23,15,2,23.8,1.0,428.6,428.4,2,1,1.00,CYCLE,S
IND,208,10488,28656,31/05/2021,17:12:08,15,2,30.6,1.0,918.3,918.0,2,1,1.00,CYCLE,S
IND,208,10488,28656,31/05/2021,17:12:10,15,2,32.3,1.0,1.7,1.6,2,1,1.00,CYCLE,S
IND,208,10488,28656,31/05/2021,17:12:11,15,2,32.8,1.0,0.6,0.5,2,1,1.00,CYCLE,S
IND,208,10488,28656,31/05/2021,17:20:24,15,2,28.4,1.1,493.1,493.0,2,1,1.00,CYCLE,S
IND,208,10488,28656,31/05/2021,17:22:22,15,2,23.6,1.0,117.8,117.6,2,1,1.00,CYCLE,S
IND,208,10488,28656,31/05/2021,17:22:31,15,2,19.1,1.0,9.1,9.0,2,1,1.00,CYCLE,S
IND,208,10488,28656,31/05/2021,17:23:53,15,2,9.6,1.0,81.9,81.7,2,1,1.00,CYCLE,S
IND,208,10488,28656,31/05/2021,17:27:09,15,2,18.9,0.9,196.5,196.1,2,1,1.00,CYCLE,S
IND,208,10488,28656,31/05/2021,17:29:07,15,2,25.7,1.1,117.6,117.5,2,1,1.00,CYCLE,S
IND,208,10488,28656,31/05/2021,17:29:12,15,2,23.6,1.0,5.1,5.0,2,1,1.00,CYCLE,S
IND,208,10488,28656,31/05/2021,17:35:04,15,2,30.1,1.0,351.9,351.8,2,1,1.00,CYCLE,S
IND,208,10488,28656,31/05/2021,17:36:45,15,2,29.8,1.0,100.7,100.6,2,1,1.00,CYCLE,S
IND,208,10488,28656,31/05/2021,17:40:32,15,2,24.6,1.0,136.1,135.6,2,1,1.00,CYCLE,S
IND,208,10488,28656,31/05/2021,17:40:32,15,2,24.6,1.0,0.0,0.0,2,1,1.00,CYCLE,S
IND,208,10488,28656,31/05/2021,17:40:37,15,2,25.1,1.0,5.4,5.2,2,1,1.00,CYCLE,S
IND,208,10488,28656,31/05/2021,17:44:44,15,2,31.0,1.0,105.9,105.7,2,1,1.00,CYCLE,S
IND,208,10488,28656,31/05/2021,17:45:03,15,2,19.1,1.0,19.1,19.0,2,1,1.00,CYCLE,S
IND,208,10488,28656,31/05/2021,17:47:21,15,2,26.5,1.0,138.1,137.9,2,1,1.00,CYCLE,S
IND,208,10488,28656,31/05/2021,17:49:11,15,2,20.9,1.1,109.9,109.8,2,1,1.00,CYCLE,S
IND,208,10488,28656,31/05/2021,17:49:20,15,2,20.3,1.0,8.6,8.4,2,1,1.00,CYCLE,S
IND,208,10488,28656,31/05/2021,17:52:02,15,2,18.7,1.0,162.6,162.4,2,1,1.00,CYCLE,S
IND,208,10488,28656,31/05/2021,17:57:10,15,2,24.3,1.1,307.2,307.0,2,1,1.00,CYCLE,S
IND,208,10488,28656,31/05/2021,17:59:08,15,2,32.6,0.9,118.1,117.9,2,1,1.00,CYCLE,S
IND,208,10488,28656,31/05/2021,17:59:08,15,2,22.6,1.0,0.3,0.2,2,1,1.00,CYCLE,S
IND,208,10488,28656,31/05/2021,18:00:29,15,2,16.2,1.0,81.1,80.9,2,1,1.00,CYCLE,S
IND,208,10488,28656,31/05/2021,18:00:30,15,2,16.5,1.0,0.8,0.6,2,1,1.00,CYCLE,S
IND,208,10488,28656,31/05/2021,18:05:23,15,2,24.6,0.9,254.1,253.9,2,1,1.00,CYCLE,S
IND,208,10488,28656,31/05/2021,18:07:43,15,2,24.4,1.0,139.3,139.2,2,1,1.00,CYCLE,S
IND,208,10488,28656,31/05/2021,18:09:45,15,2,26.1,1.0,122.3,122.1,2,1,1.00,CYCLE,S
IND,208,10488,28656,31/05/2021,18:26:05,15,2,25.4,1.1,980.3,980.2,2,1,1.00,CYCLE,S
IND,208,10488,28656,31/05/2021,18:27:29,15,2,30.6,1.0,83.8,83.6,2,1,1.00,CYCLE,S
IND,208,10488,28656,31/05/2021,18:32:35,15,2,25.8,1.0,306.3,306.1,2,1,1.00,CYCLE,S
IND,208,10488,28656,31/05/2021,18:37:59,15,2,22.5,1.0,323.5,323.4,2,1,1.00,CYCLE,S
IND,208,10488,28656,31/05/2021,18:41:05,15,2,23.3,1.0,186.2,186.0,2,1,1.00,CYCLE,S
IND,208,10488,28656,31/05/2021,18:44:59,15,2,15.2,1.1,134.8,134.7,2,1,1.00,CYCLE,S
IND,208,10488,28656,31/05/2021,18:49:27,15,2,27.0,1.0,267.7,267.5,2,1,1.00,CYCLE,S
IND,208,10488,28656,31/05/2021,19:09:59,15,2,17.8,1.0,351.4,351.2,2,1,1.00,CYCLE,S
IND,208,10488,28656,31/05/2021,19:11:43,15,2,24.8,1.1,104.2,104.0,2,1,1.00,CYCLE,S
IND,208,10488,28656,31/05/2021,19:20:17,15,2,24.2,0.9,40.9,40.8,2,1,1.00,CYCLE,S
IND,208,10488,28656,31/05/2021,19:42:49,15,2,20.6,1.1,471.1,470.9,2,1,1.00,CYCLE,S
IND,208,10488,28656,31/05/2021,19:47:02,15,2,19.1,1.1,253.3,253.1,2,1,1.00,CYCLE,S
IND,208,10488,28656,31/05/2021,19:51:47,15,2,16.8,1.0,285.5,285.3,2,1,1.00,CYCLE,S
IND,208,10488,28656,31/05/2021,20:57:04,15,2,16.4,1.0,808.5,808.4,2,1,1.00,CYCLE,S
IND,208,10488,28656,31/05/2021,21:47:30,15,2,20.0,1.0,3026.4,3026.2,2,1,1.00,CYCLE,S
IND,208,10488,28656,31/05/2021,22:21:31,15,2,24.3,1.1,522.5,522.4,2,1,1.00,CYCLE,S
IND,208,10488,28656,31/05/2021,22:50:15,15,2,21.2,1.0,1724.6,1724.5,2,1,1.00,CYCLE,S
IND,208,10488,28656,31/05/2021,23:17:31,15,2,20.5,1.1,1636.1,1635.9,2,1,1.00,CYCLE,S
IND,208,10488,28656,01/06/2021,01:14:49,15,2,31.0,1.0,3467.5,3467.0,2,1,1.00,CYCLE,S
IND,208,10488,28656,01/06/2021,01:29:15,15,2,23.1,1.0,866.2,866.1,2,1,1.00,CYCLE,S
IND,208,10488,28656,01/06/2021,04:49:26,15,2,16.1,1.1,776.9,776.8,2,1,1.00,CYCLE,S
IND,208,10488,28656,01/06/2021,04:55:18,15,2,32.9,1.0,351.5,351.3,2,1,1.00,CYCLE,S
IND,208,10488,28656,01/06/2021,05:46:05,15,2,29.4,1.0,1287.1,1286.9,2,1,1.00,CYCLE,S
IND,208,10488,28656,01/06/2021,05:46:09,15,2,32.4,1.0,3.8,3.7,2,1,1.00,CYCLE,S
IND,208,10488,28656,01/06/2021,05:48:11,15,2,24.1,1.0,122.0,121.9,2,1,1.00,CYCLE,S
IND,208,10488,28656,01/06/2021,06:16:19,15,2,28.6,1.0,1688.3,1688.1,2,1,1.00,CYCLE,S
IND,208,10488,28656,01/06/2021,06:32:08,15,2,26.2,1.0,948.6,948.5,2,1,1.00,CYCLE,S
IND,208,10488,28656,01/06/2021,06:35:40,15,2,32.0,1.0,164.5,164.3,2,1,1.00,CYCLE,S
IND,208,10488,28656,01/06/2021,07:24:46,15,2,28.3,1.0,1018.1,1017.5,2,1,1.00,CYCLE,S
IND,208,10488,28656,01/06/2021,07:25:51,15,2,28.6,1.0,65.0,64.8,2,1,1.00,CYCLE,S
IND,208,10488,28656,01/06/2021,08:03:08,15,2,21.8,1.0,1463.1,1462.7,2,1,1.00,CYCLE,S
IND,208,10488,28656,01/06/2021,08:06:34,15,2,23.4,1.1,205.9,205.7,2,1,1.00,CYCLE,S
IND,208,10488,28656,01/06/2021,08:11:22,15,2,18.8,1.0,288.6,288.4,2,1,1.00,CYCLE,S
IND,208,10488,28656,01/06/2021,08:18:20,15,2,30.5,1.0,417.4,417.2,2,1,1.00,CYCLE,S
IND,208,10488,28656,01/06/2021,08:29:43,15,2,24.3,1.0,683.5,683.3,2,1,1.00,CYCLE,S
IND,208,10488,28656,01/06/2021,08:40:03,15,2,23.1,1.0,620.2,620.1,2,1,1.00,CYCLE,S
IND,208,10488,28656,01/06/2021,08:56:01,15,2,16.7,1.0,777.6,777.1,2,1,1.00,CYCLE,S
IND,208,10488,28656,01/06/2021,09:04:33,15,2,25.3,1.1,512.1,511.9,2,1,1.00,CYCLE,S
IND,208,10488,28656,01/06/2021,09:28:40,15,2,18.2,1.1,1447.0,1446.8,2,1,1.00,CYCLE,S
IND,208,10488,28656,01/06/2021,09:35:21,15,2,27.5,1.1,401.0,400.8,2,1,1.00,CYCLE,S
IND,208,10488,28656,01/06/2021,09:36:46,15,2,31.7,1.0,85.2,85.0,2,1,1.00,CYCLE,S
IND,208,10488,28656,01/06/2021,09:52:04,15,2,16.3,1.1,917.6,917.5,2,1,1.00,CYCLE,S
IND,208,10488,28656,01/06/2021,09:56:56,15,2,24.4,1.0,291.8,291.6,2,1,1.00,CYCLE,S
IND,208,10488,28656,01/06/2021,10:31:12,15,2,22.7,1.0,2056.9,2056.8,2,1,1.00,CYCLE,S
IND,208,10488,28656,01/06/2021,10:33:16,15,2,16.0,1.0,123.1,123.0,2,1,1.00,CYCLE,S
IND,208,10488,28656,01/06/2021,10:39:04,15,2,26.4,1.1,348.6,348.3,2,1,1.00,CYCLE,S
IND,208,10488,28656,01/06/2021,10:56:22,15,2,32.4,1.0,289.4,289.0,2,1,1.00,CYCLE,S
IND,208,10488,28656,01/06/2021,11:02:47,15,2,23.5,1.0,384.8,384.7,2,1,1.00,CYCLE,S
IND,208,10488,28656,01/06/2021,11:32:23,15,2,31.6,1.0,54.0,53.7,2,1,1.00,CYCLE,S
IND,208,10488,28656,01/06/2021,12:07:06,15,2,25.2,1.1,224.9,224.7,2,1,1.00,CYCLE,S
IND,208,10488,28656,01/06/2021,12:39:31,15,2,20.9,1.1,1945.4,1945.3,2,1,1.00,CYCLE,S
IND,208,10488,28656,01/06/2021,13:14:26,15,2,23.7,1.0,1052.2,1052.0,2,1,1.00,CYCLE,S
IND,208,10488,28656,01/06/2021,13:26:52,15,2,26.0,1.0,18.3,18.1,2,1,1.00,CYCLE,S
IND,208,10488,28656,01/06/2021,13:32:19,15,2,28.8,1.0,326.7,326.6,2,1,1.00,CYCLE,S
IND,208,10488,28656,01/06/2021,13:45:44,15,2,44.1,0.8,805.4,805.2,2,1,1.00,CYCLE,S
IND,208,10488,28656,01/06/2021,13:53:10,15,2,19.7,1.1,445.5,445.5,2,1,1.00,CYCLE,S
IND,208,10488,28656,01/06/2021,14:34:18,15,2,23.3,0.9,1770.1,1769.7,2,1,1.00,CYCLE,S
IND,208,10488,28656,01/06/2021,14:36:14,15,2,19.9,1.0,115.8,115.7,2,1,1.00,CYCLE,S
IND,208,10488,28656,01/06/2021,14:37:11,15,2,16.2,1.1,57.0,56.8,2,1,1.00,CYCLE,S
IND,208,10488,28656,01/06/2021,14:49:16,15,2,33.3,1.0,725.8,725.6,2,1,1.00,CYCLE,S
IND,208,10488,28656,01/06/2021,15:24:53,15,2,25.7,1.1,176.1,176.0,2,1,1.00,CYCLE,S
IND,208,10488,28656,01/06/2021,15:25:00,15,2,20.9,1.0,6.7,6.6,2,1,1.00,CYCLE,S
IND,208,10488,28656,01/06/2021,15:31:12,15,2,20.3,1.1,372.7,372.5,2,1,1.00,CYCLE,S
IND,208,10488,28656,01/06/2021,15:38:05,15,2,26.7,1.1,413.1,412.9,2,1,1.00,CYCLE,S
IND,208,10488,28656,01/06/2021,15:52:30,15,2,21.1,1.0,831.5,831.1,2,1,1.00,CYCLE,S
IND,208,10488,28656,01/06/2021,15:56:59,15,2,24.6,1.1,86.9,86.6,2,1,1.00,CYCLE,S
IND,208,10488,28656,01/06/2021,15:57:31,15,2,33.2,1.0,31.6,31.5,2,1,1.00,CYCLE,S
IND,208,10488,28656,01/06/2021,16:03:56,15,2,28.5,1.0,384.9,384.8,2,1,1.00,CYCLE,S
IND,208,10488,28656,01/06/2021,16:06:21,15,2,34.6,1.0,145.5,145.3,2,1,1.00,CYCLE,S
IND,208,10488,28656,01/06/2021,16:23:54,15,2,22.4,1.1,408.1,407.1,2,1,1.00,CYCLE,S
IND,208,10488,28656,01/06/2021,16:26:03,15,2,24.4,1.0,129.3,129.1,2,1,1.00,CYCLE,S
IND,208,10488,28656,01/06/2021,16:36:57,15,2,25.8,1.1,653.6,653.5,2,1,1.00,CYCLE,S
IND,208,10488,28656,01/06/2021,16:37:03,15,2,25.6,1.0,6.1,5.9,2,1,1.00,CYCLE,S
IND,208,10488,28656,01/06/2021,16:38:59,15,2,20.5,1.1,116.0,115.8,2,1,1.00,CYCLE,S
IND,208,10488,28656,01/06/2021,16:46:02,15,2,22.4,1.1,284.1,283.9,2,1,1.00,CYCLE,S
IND,208,10488,28656,01/06/2021,16:57:05,15,2,18.2,1.1,254.5,254.3,2,1,1.00,CYCLE,S
IND,208,10488,28656,01/06/2021,16:59:35,15,2,23.8,1.1,149.9,149.7,2,1,1.00,CYCLE,S
IND,208,10488,28656,01/06/2021,17:02:16,15,2,18.2,1.0,160.8,160.6,2,1,1.00,CYCLE,S
IND,208,10488,28656,01/06/2021,17:06:16,15,2,20.6,1.0,240.3,240.1,2,1,1.00,CYCLE,S
IND,208,10488,28656,01/06/2021,17:08:47,15,2,27.1,0.9,150.9,150.7,2,1,1.00,CYCLE,S
IND,208,10488,28656,01/06/2021,17:14:18,15,2,30.0,1.0,222.6,222.2,2,1,1.00,CYCLE,S
IND,208,10488,28656,01/06/2021,17:21:58,15,2,30.3,1.0,460.2,460.1,2,1,1.00,CYCLE,S
IND,208,10488,28656,01/06/2021,17:21:59,15,2,29.7,1.0,0.4,0.3,2,1,1.00,CYCLE,S
IND,208,10488,28656,01/06/2021,17:23:06,15,2,23.8,1.0,67.0,66.9,2,1,1.00,CYCLE,S
IND,208,10488,28656,01/06/2021,17:30:13,15,2,33.9,1.0,427.7,427.5,2,1,1.00,CYCLE,S
IND,208,10488,28656,01/06/2021,17:30:24,15,2,25.4,1.0,10.8,10.7,2,1,1.00,CYCLE,S
IND,208,10488,28656,01/06/2021,17:31:21,15,2,19.1,0.8,57.2,57.0,2,1,1.00,CYCLE,S
IND,208,10488,28656,01/06/2021,17:32:37,15,2,21.7,1.1,75.3,75.1,2,1,1.00,CYCLE,S
IND,208,10488,28656,01/06/2021,17:36:05,15,2,30.5,1.0,208.0,207.9,2,1,1.00,CYCLE,S
IND,208,10488,28656,01/06/2021,17:36:07,15,2,27.5,1.0,2.8,2.7,2,1,1.00,CYCLE,S
IND,208,10488,28656,01/06/2021,17:39:08,15,2,23.9,1.0,180.7,180.5,2,1,1.00,CYCLE,S
IND,208,10488,28656,01/06/2021,17:43:07,15,2,21.5,1.0,239.0,238.8,2,1,1.00,CYCLE,S
IND,208,10488,28656,01/06/2021,17:45:34,15,2,22.2,1.0,147.0,146.8,2,1,1.00,CYCLE,S
IND,208,10488,28656,01/06/2021,17:45:36,15,2,19.3,1.0,1.7,1.5,2,1,1.00,CYCLE,S
IND,208,10488,28656,01/06/2021,17:45:50,15,2,20.8,1.0,14.2,14.0,2,1,1.00,CYCLE,S
IND,208,10488,28656,01/06/2021,17:46:49,15,2,25.1,0.9,59.1,58.9,2,1,1.00,CYCLE,S
IND,208,10488,28656,01/06/2021,17:47:40,15,2,17.8,1.0,51.3,51.2,2,1,1.00,CYCLE,S
IND,208,10488,28656,01/06/2021,17:49:26,15,2,26.2,0.9,105.9,105.7,2,1,1.00,CYCLE,S
IND,208,10488,28656,01/06/2021,17:49:41,15,2,22.0,1.0,14.4,14.2,2,1,1.00,CYCLE,S
IND,208,10488,28656,01/06/2021,17:54:10,15,2,28.1,1.0,269.2,269.1,2,1,1.00,CYCLE,S
IND,208,10488,28656,01/06/2021,18:00:11,15,2,20.6,1.0,360.7,360.6,2,1,1.00,CYCLE,S
IND,208,10488,28656,01/06/2021,18:02:32,15,2,28.6,1.0,141.4,141.2,2,1,1.00,CYCLE,S
IND,208,10488,28656,01/06/2021,18:02:38,15,2,23.5,1.0,5.9,5.8,2,1,1.00,CYCLE,S
IND,208,10488,28656,01/06/2021,18:06:47,15,2,22.6,1.0,248.9,248.8,2,1,1.00,CYCLE,S
IND,208,10488,28656,01/06/2021,18:24:44,15,2,23.6,1.0,647.1,646.9,2,1,1.00,CYCLE,S
IND,208,10488,28656,01/06/2021,18:27:50,15,2,30.1,1.0,185.6,185.5,2,1,1.00,CYCLE,S
IND,208,10488,28656,01/06/2021,18:30:40,15,2,25.7,1.0,170.4,170.3,2,1,1.00,CYCLE,S
IND,208,10488,28656,01/06/2021,18:40:31,15,2,20.9,1.1,591.0,590.9,2,1,1.00,CYCLE,S
IND,208,10488,28656,01/06/2021,18:53:40,15,2,31.0,0.9,789.3,789.2,2,1,1.00,CYCLE,S
IND,208,10488,28656,01/06/2021,18:56:21,15,2,12.6,1.0,160.9,160.8,2,1,1.00,CYCLE,S
IND,208,10488,28656,01/06/2021,18:58:06,15,2,21.8,1.1,104.2,103.9,2,1,1.00,CYCLE,S
IND,208,10488,28656,01/06/2021,19:05:56,15,2,24.9,1.1,470.3,470.2,2,1,1.00,CYCLE,S
IND,208,10488,28656,01/06/2021,19:14:09,15,2,24.9,1.0,492.9,492.7,2,1,1.00,CYCLE,S
IND,208,10488,28656,01/06/2021,19:18:47,15,2,20.2,1.1,278.3,278.1,2,1,1.00,CYCLE,S
IND,208,10488,28656,01/06/2021,19:28:00,15,2,16.9,1.0,446.5,446.3,2,1,1.00,CYCLE,S
IND,208,10488,28656,01/06/2021,19:49:11,15,2,17.6,1.1,1271.5,1271.3,2,1,1.00,CYCLE,S
IND,208,10488,28656,01/06/2021,19:49:18,15,2,16.2,1.0,6.5,6.2,2,1,1.00,CYCLE,S
IND,208,10488,28656,01/06/2021,20:20:42,15,2,27.5,1.0,1884.6,1884.4,2,1,1.00,CYCLE,S
IND,208,10488,28656,01/06/2021,20:30:11,15,2,21.8,1.0,568.7,568.6,2,1,1.00,CYCLE,S
IND,208,10488,28656,01/06/2021,20:31:37,15,2,23.4,1.1,86.4,86.2,2,1,1.00,CYCLE,S
IND,208,10488,28656,01/06/2021,20:43:54,15,2,26.1,1.0,737.0,736.8,2,1,1.00,CYCLE,S
IND,208,10488,28656,01/06/2021,21:12:12,15,2,24.0,1.1,729.1,728.8,2,1,1.00,CYCLE,S
IND,208,10488,28656,01/06/2021,21:29:28,15,2,24.2,1.1,1036.6,1036.4,2,1,1.00,CYCLE,S
IND,208,10488,28656,01/06/2021,21:54:49,15,2,20.1,1.0,1520.7,1520.6,2,1,1.00,CYCLE,S
IND,208,10488,28656,01/06/2021,22:30:39,15,2,26.3,1.1,2149.4,2149.2,2,1,1.00,CYCLE,S
IND,208,10488,28656,01/06/2021,23:14:24,15,2,19.2,1.0,951.5,951.2,2,1,1.00,CYCLE,S
IND,208,10488,28656,02/06/2021,00:47:30,15,2,21.8,1.0,5586.1,5585.9,2,1,1.00,CYCLE,S
IND,208,10488,28656,02/06/2021,01:21:27,15,2,26.1,1.0,2036.5,2036.3,2,1,1.00,CYCLE,S
IND,208,10488,28656,02/06/2021,04:50:22,15,2,15.0,1.1,8771.0,8770.4,2,1,1.00,CYCLE,S
IND,208,10488,28656,02/06/2021,04:58:04,15,2,32.9,1.0,462.4,462.2,2,1,1.00,CYCLE,S
IND,208,10488,28656,02/06/2021,05:11:47,15,2,56.9,0.7,822.3,822.2,2,1,1.00,CYCLE,S
IND,208,10488,28656,02/06/2021,05:46:00,15,2,29.3,1.0,2053.1,2053.1,2,1,1.00,CYCLE,S
IND,208,10488,28656,02/06/2021,06:40:17,15,2,30.2,1.0,574.8,574.6,2,1,1.00,CYCLE,S
IND,208,10488,28656,02/06/2021,07:25:47,15,2,30.0,1.0,664.0,663.4,2,1,1.00,CYCLE,S
IND,208,10488,28656,02/06/2021,07:35:29,15,2,27.4,1.0,581.5,581.4,2,1,1.00,CYCLE,S
IND,208,10488,28656,02/06/2021,07:39:23,15,2,22.9,1.1,153.9,153.3,2,1,1.00,CYCLE,S
IND,208,10488,28656,02/06/2021,07:54:15,15,2,27.4,1.0,891.7,891.5,2,1,1.00,CYCLE,S
IND,208,10488,28656,02/06/2021,08:17:44,15,2,27.3,1.0,1409.0,1408.9,2,1,1.00,CYCLE,S
IND,208,10488,28656,02/06/2021,08:23:18,15,2,27.9,1.0,38.9,38.6,2,1,1.00,CYCLE,S
IND,208,10488,28656,02/06/2021,08:29:23,15,2,30.0,1.0,365.0,364.8,2,1,1.00,CYCLE,S
IND,208,10488,28656,02/06/2021,08:39:30,15,2,15.9,1.1,606.5,606.4,2,1,1.00,CYCLE,S
IND,208,10488,28656,02/06/2021,08:54:10,15,2,16.3,1.0,880.0,879.8,2,1,1.00,CYCLE,S
IND,208,10488,28656,02/06/2021,09:30:45,15,2,25.5,1.1,2195.3,2195.0,2,1,1.00,CYCLE,S
IND,208,10488,28656,02/06/2021,09:32:51,15,2,31.4,1.0,125.9,125.8,2,1,1.00,CYCLE,S
IND,208,10488,28656,02/06/2021,10:20:58,15,2,26.3,1.0,743.7,743.5,2,1,1.00,CYCLE,S
IND,208,10488,28656,02/06/2021,10:25:32,15,2,14.9,1.0,157.8,157.6,2,1,1.00,CYCLE,S
IND,208,10488,28656,02/06/2021,10:30:12,15,2,25.3,0.8,279.2,279.0,2,1,1.00,CYCLE,S
IND,208,10488,28656,02/06/2021,10:41:05,15,2,9.6,0.4,653.1,653.0,2,1,1.00,CYCLE,S
IND,208,10488,28656,02/06/2021,10:41:07,15,2,11.2,0.4,2.1,1.9,2,1,1.00,CYCLE,S
IND,208,10488,28656,02/06/2021,10:48:17,15,2,23.8,0.8,429.8,429.7,2,1,1.00,CYCLE,S
IND,208,10488,28656,02/06/2021,11:06:10,15,2,27.4,1.1,1073.3,1073.2,2,1,1.00,CYCLE,S
IND,208,10488,28656,02/06/2021,11:17:40,15,2,46.8,1.0,690.1,689.9,2,1,1.00,CYCLE,S
IND,208,10488,28656,02/06/2021,11:19:00,15,2,27.0,1.0,79.9,79.4,2,1,1.00,CYCLE,S
IND,208,10488,28656,02/06/2021,11:31:49,15,2,25.6,1.0,769.4,769.3,2,1,1.00,CYCLE,S
IND,208,10488,28656,02/06/2021,11:32:26,15,2,26.6,1.0,36.4,36.2,2,1,1.00,CYCLE,S
IND,208,10488,28656,02/06/2021,11:34:03,15,2,23.5,1.0,96.8,96.6,2,1,1.00,CYCLE,S
IND,208,10488,28656,02/06/2021,11:35:12,15,2,19.8,1.1,69.8,69.6,2,1,1.00,CYCLE,S
IND,208,10488,28656,02/06/2021,11:35:13,15,2,19.8,1.1,0.8,0.6,2,1,1.00,CYCLE,S
IND,208,10488,28656,02/06/2021,12:06:34,15,2,26.7,1.0,92.7,92.3,2,1,1.00,CYCLE,S
IND,208,10488,28656,02/06/2021,12:52:42,15,2,18.4,1.0,2768.8,2768.7,2,1,1.00,CYCLE,S
IND,208,10488,28656,02/06/2021,12:53:32,15,2,20.5,1.1,50.0,49.8,2,1,1.00,CYCLE,S
IND,208,10488,28656,02/06/2021,13:07:23,15,2,23.4,1.0,290.8,290.6,2,1,1.00,CYCLE,S
IND,208,10488,28656,02/06/2021,13:07:23,15,2,23.0,1.1,0.7,0.6,2,1,1.00,CYCLE,S
IND,208,10488,28656,02/06/2021,13:08:11,15,2,16.2,1.1,47.4,47.2,2,1,1.00,CYCLE,S
IND,208,10488,28656,02/06/2021,13:15:45,15,2,23.5,1.1,454.6,454.4,2,1,1.00,CYCLE,S
IND,208,10488,28656,02/06/2021,13:51:00,15,2,25.5,1.1,1140.2,1140.2,2,1,1.00,CYCLE,S
IND,208,10488,28656,02/06/2021,13:52:39,15,2,22.0,1.1,99.3,99.1,2,1,1.00,CYCLE,S
IND,208,10488,28656,02/06/2021,13:55:40,15,2,19.6,1.1,180.6,180.4,2,1,1.00,CYCLE,S
IND,208,10488,28656,02/06/2021,14:17:30,15,2,32.2,1.0,1310.4,1310.2,2,1,1.00,CYCLE,S
IND,208,10488,28656,02/06/2021,14:17:55,15,2,15.9,1.0,25.2,25.1,2,1,1.00,CYCLE,S
IND,208,10488,28656,02/06/2021,14:19:55,15,2,14.5,1.0,120.3,120.1,2,1,1.00,CYCLE,S
IND,208,10488,28656,02/06/2021,14:34:55,15,2,32.8,0.9,206.0,205.7,2,1,1.00,CYCLE,S
IND,208,10488,28656,02/06/2021,14:39:21,15,2,12.8,1.0,265.6,265.5,2,1,1.00,CYCLE,S
IND,208,10488,28656,02/06/2021,14:39:22,15,2,13.0,1.1,1.4,1.1,2,1,1.00,CYCLE,S
IND,208,10488,28656,02/06/2021,14:41:56,15,2,23.5,1.0,153.3,153.0,2,1,1.00,CYCLE,S
IND,208,10488,28656,02/06/2021,14:54:51,15,2,33.3,1.0,258.7,258.4,2,1,1.00,CYCLE,S
IND,208,10488,28656,02/06/2021,14:55:09,15,2,23.6,1.0,18.1,18.0,2,1,1.00,CYCLE,S
IND,208,10488,28656,02/06/2021,15:01:55,15,2,28.7,1.0,406.3,406.2,2,1,1.00,CYCLE,S
IND,208,10488,28656,02/06/2021,15:07:53,15,2,24.1,1.1,358.3,358.2,2,1,1.00,CYCLE,S
IND,208,10488,28656,02/06/2021,15:19:05,15,2,19.9,1.1,671.9,671.8,2,1,1.00,CYCLE,S
IND,208,10488,28656,02/06/2021,15:26:05,15,2,20.8,1.1,419.6,419.4,2,1,1.00,CYCLE,S
IND,208,10488,28656,02/06/2021,15:37:51,15,2,26.6,1.0,208.0,207.4,2,1,1.00,CYCLE,S
IND,208,10488,28656,02/06/2021,15:38:07,15,2,18.8,1.1,16.3,16.2,2,1,1.00,CYCLE,S
IND,208,10488,28656,02/06/2021,15:47:10,15,2,35.8,1.0,365.1,363.8,2,1,1.00,CYCLE,S
IND,208,10488,28656,02/06/2021,15:49:37,15,2,30.3,1.0,147.0,146.9,2,1,1.00,CYCLE,S
IND,208,10488,28656,02/06/2021,15:56:33,15,2,20.4,1.0,23.7,23.5,2,1,1.00,CYCLE,S
IND,208,10488,28656,02/06/2021,16:12:33,15,2,16.8,1.0,959.8,959.6,2,1,1.00,CYCLE,S
IND,208,10488,28656,02/06/2021,16:16:59,15,2,30.2,1.1,266.3,266.1,2,1,1.00,CYCLE,S
IND,208,10488,28656,02/06/2021,16:17:00,15,2,32.1,1.0,0.4,0.3,2,1,1.00,CYCLE,S
IND,208,10488,28656,02/06/2021,16:20:35,15,2,26.3,1.1,215.3,215.2,2,1,1.00,CYCLE,S
IND,208,10488,28656,02/06/2021,16:24:01,15,2,29.3,1.0,205.6,205.5,2,1,1.00,CYCLE,S
IND,208,10488,28656,02/06/2021,16:26:42,15,2,20.9,1.0,161.8,161.7,2,1,1.00,CYCLE,S
IND,208,10488,28656,02/06/2021,16:35:16,15,2,26.2,1.0,513.6,513.4,2,1,1.00,CYCLE,S
IND,208,10488,28656,02/06/2021,16:45:52,15,2,31.1,1.0,636.3,636.2,2,1,1.00,CYCLE,S
IND,208,10488,28656,02/06/2021,16:47:54,15,2,19.9,0.9,121.4,121.2,2,1,1.00,CYCLE,S
IND,208,10488,28656,02/06/2021,16:59:48,15,2,27.7,1.0,115.3,115.1,2,1,1.00,CYCLE,S
IND,208,10488,28656,02/06/2021,17:03:49,15,2,31.0,1.1,164.6,163.0,2,1,1.00,CYCLE,S
IND,208,10488,28656,02/06/2021,17:03:56,15,2,26.9,1.0,7.6,7.5,2,1,1.00,CYCLE,S
IND,208,10488,28656,02/06/2021,17:10:43,15,2,24.4,1.0,407.1,407.0,2,1,1.00,CYCLE,S
IND,208,10488,28656,02/06/2021,17:11:44,15,2,17.3,1.1,60.7,60.6,2,1,1.00,CYCLE,S
IND,208,10488,28656,02/06/2021,17:12:38,15,2,29.1,1.0,53.9,53.6,2,1,1.00,CYCLE,S
IND,208,10488,28656,02/06/2021,17:12:44,15,2,25.1,1.1,5.7,5.6,2,1,1.00,CYCLE,S
IND,208,10488,28656,02/06/2021,17:16:21,15,2,17.0,1.0,217.3,217.1,2,1,1.00,CYCLE,S
IND,208,10488,28656,02/06/2021,17:20:06,15,2,23.1,0.9,224.7,224.4,2,1,1.00,CYCLE,S
IND,208,10488,28656,02/06/2021,17:21:31,15,2,14.7,1.0,85.4,85.3,2,1,1.00,CYCLE,S
IND,208,10488,28656,02/06/2021,17:23:21,15,2,28.2,1.1,63.7,63.0,2,1,1.00,CYCLE,S
IND,208,10488,28656,02/06/2021,17:29:45,15,2,31.1,1.1,383.2,383.1,2,1,1.00,CYCLE,S
IND,208,10488,28656,02/06/2021,17:29:50,15,2,27.6,1.0,5.8,5.7,2,1,1.00,CYCLE,S
IND,208,10488,28656,02/06/2021,17:31:56,15,2,24.1,1.0,125.2,125.1,2,1,1.00,CYCLE,S
IND,208,10488,28656,02/06/2021,17:33:01,15,2,24.2,1.0,65.6,65.5,2,1,1.00,CYCLE,S
IND,208,10488,28656,02/06/2021,17:34:01,15,2,36.4,1.0,59.7,59.5,2,1,1.00,CYCLE,S
IND,208,10488,28656,02/06/2021,17:34:07,15,2,22.9,1.0,6.6,6.5,2,1,1.00,CYCLE,S
IND,208,10488,28656,02/06/2021,17:41:10,15,2,29.1,1.0,422.1,422.0,2,1,1.00,CYCLE,S
IND,208,10488,28656,02/06/2021,17:41:12,15,2,30.6,1.0,2.0,1.9,2,1,1.00,CYCLE,S
IND,208,10488,28656,02/06/2021,17:42:37,15,2,32.5,1.0,85.9,85.8,2,1,1.00,CYCLE,S
IND,208,10488,28656,02/06/2021,17:42:41,15,2,30.8,1.0,3.8,3.7,2,1,1.00,CYCLE,S
IND,208,10488,28656,02/06/2021,17:44:01,15,2,17.9,0.9,79.4,79.3,2,1,1.00,CYCLE,S
IND,208,10488,28656,02/06/2021,17:47:37,15,2,19.7,1.0,216.3,216.1,2,1,1.00,CYCLE,S
IND,208,10488,28656,02/06/2021,17:49:38,15,2,27.5,1.0,120.5,120.4,2,1,1.00,CYCLE,S
IND,208,10488,28656,02/06/2021,17:52:13,15,2,26.4,1.0,155.2,155.1,2,1,1.00,CYCLE,S
IND,208,10488,28656,02/06/2021,17:56:50,15,2,23.1,1.1,277.7,277.6,2,1,1.00,CYCLE,S
IND,208,10488,28656,02/06/2021,17:59:20,15,2,19.7,1.0,150.0,149.8,2,1,1.00,CYCLE,S
IND,208,10488,28656,02/06/2021,17:59:48,15,2,32.2,0.9,27.4,27.2,2,1,1.00,CYCLE,S
IND,208,10488,28656,02/06/2021,18:03:53,15,2,27.4,1.0,245.6,245.5,2,1,1.00,CYCLE,S
IND,208,10488,28656,02/06/2021,18:08:01,15,2,29.8,1.0,247.3,247.2,2,1,1.00,CYCLE,S
IND,208,10488,28656,02/06/2021,18:18:23,15,2,26.9,1.0,622.6,622.5,2,1,1.00,CYCLE,S
IND,208,10488,28656,02/06/2021,18:24:22,15,2,31.5,1.0,136.6,136.4,2,1,1.00,CYCLE,S
IND,208,10488,28656,02/06/2021,18:24:33,15,2,23.3,1.0,11.3,11.2,2,1,1.00,CYCLE,S
IND,208,10488,28656,02/06/2021,18:25:19,15,2,25.8,1.1,46.2,46.1,2,1,1.00,CYCLE,S
IND,208,10488,28656,02/06/2021,18:31:13,15,2,9.6,1.0,353.1,352.9,2,1,1.00,CYCLE,S
IND,208,10488,28656,02/06/2021,18:36:41,15,2,14.6,1.1,328.4,328.0,2,1,1.00,CYCLE,S
IND,208,10488,28656,02/06/2021,18:38:16,15,2,18.3,1.1,95.3,95.0,2,1,1.00,CYCLE,S
IND,208,10488,28656,02/06/2021,18:53:36,15,2,16.3,1.0,920.2,920.0,2,1,1.00,CYCLE,S
IND,208,10488,28656,02/06/2021,18:59:44,15,2,26.5,1.2,135.1,134.8,2,1,1.00,CYCLE,S
IND,208,10488,28656,02/06/2021,19:05:49,15,2,31.3,1.0,364.2,364.0,2,1,1.00,CYCLE,S
IND,208,10488,28656,02/06/2021,19:26:05,15,2,19.8,1.0,245.7,245.6,2,1,1.00,CYCLE,S
IND,208,10488,28656,02/06/2021,19:28:59,15,2,29.5,1.0,173.8,173.6,2,1,1.00,CYCLE,S
IND,208,10488,28656,02/06/2021,19:35:45,15,2,30.2,1.0,406.4,406.3,2,1,1.00,CYCLE,S
IND,208,10488,28656,02/06/2021,19:35:45,15,2,30.2,1.0,0.0,0.0,2,1,1.00,CYCLE,S
IND,208,10488,28656,02/06/2021,19:44:31,15,2,27.3,1.0,242.2,242.1,2,1,1.00,CYCLE,S
IND,208,10488,28656,02/06/2021,20:03:14,15,2,20.1,1.1,1122.8,1122.7,2,1,1.00,CYCLE,S
IND,208,10488,28656,02/06/2021,20:11:02,15,2,24.9,1.1,97.3,96.7,2,1,1.00,CYCLE,S
IND,208,10488,28656,02/06/2021,20:12:14,15,2,26.1,1.0,71.5,71.4,2,1,1.00,CYCLE,S
IND,208,10488,28656,02/06/2021,21:59:54,15,2,26.6,0.9,2644.8,2644.6,2,1,1.00,CYCLE,S
IND,208,10488,28656,02/06/2021,22:17:33,15,2,23.2,1.0,1059.2,1059.1,2,1,1.00,CYCLE,S
IND,208,10488,28656,03/06/2021,01:28:15,15,2,23.4,1.0,3436.2,3436.0,2,1,1.00,CYCLE,S
IND,208,10488,28656,03/06/2021,02:53:42,15,2,4.3,1.4,5127.1,5127.0,2,1,0.80,CYCLE,S
IND,208,10488,28656,03/06/2021,02:53:45,15,2,3.7,0.4,3.0,2.7,2,1,1.00,CYCLE,S
IND,208,10488,28656,03/06/2021,04:49:54,15,2,13.4,1.1,1927.9,1927.4,2,1,1.00,CYCLE,S
IND,208,10488,28656,03/06/2021,04:56:15,15,2,32.4,1.0,380.7,380.4,2,1,1.00,CYCLE,S
IND,208,10488,28656,03/06/2021,06:12:36,15,2,23.6,1.0,1217.6,1217.4,2,1,1.00,CYCLE,S
IND,208,10488,28656,03/06/2021,06:13:20,15,2,24.4,1.0,44.5,44.3,2,1,1.00,CYCLE,S
IND,208,10488,28656,03/06/2021,06:41:46,15,2,30.3,1.0,159.3,159.1,2,1,1.00,CYCLE,S
IND,208,10488,28656,03/06/2021,06:48:57,15,2,26.6,1.0,431.5,431.4,2,1,1.00,CYCLE,S
IND,208,10488,28656,03/06/2021,07:21:02,15,2,30.4,1.0,7.1,6.5,2,1,1.00,CYCLE,S
IND,208,10488,28656,03/06/2021,07:34:00,15,2,40.3,0.9,778.4,778.3,2,1,1.00,CYCLE,S
IND,208,10488,28656,03/06/2021,08:05:10,15,2,23.1,1.1,1397.7,1397.3,2,1,1.00,CYCLE,S
IND,208,10488,28656,03/06/2021,08:15:25,15,2,31.1,1.1,615.0,614.8,2,1,1.00,CYCLE,S
IND,208,10488,28656,03/06/2021,08:21:47,15,2,23.1,1.1,381.8,381.7,2,1,1.00,CYCLE,S
IND,208,10488,28656,03/06/2021,08:44:35,15,2,19.9,1.1,1367.7,1367.5,2,1,1.00,CYCLE,S
IND,208,10488,28656,03/06/2021,08:50:19,15,2,17.7,1.1,66.7,66.5,2,1,1.00,CYCLE,S
IND,208,10488,28656,03/06/2021,08:53:50,15,2,15.9,1.0,211.5,211.3,2,1,1.00,CYCLE,S
IND,208,10488,28656,03/06/2021,08:55:51,15,2,19.3,1.0,120.7,120.4,2,1,1.00,CYCLE,S
IND,208,10488,28656,03/06/2021,09:06:53,15,2,31.4,1.0,130.2,129.9,2,1,1.00,CYCLE,S
IND,208,10488,28656,03/06/2021,09:11:17,15,2,21.8,1.0,263.7,263.6,2,1,1.00,CYCLE,S
IND,208,10488,28656,03/06/2021,09:18:30,15,2,36.0,1.0,432.9,432.7,2,1,1.00,CYCLE,S
IND,208,10488,28656,03/06/2021,09:25:23,15,2,19.4,1.0,413.3,413.2,2,1,1.00,CYCLE,S
IND,208,10488,28656,03/06/2021,09:53:03,15,2,12.6,1.0,994.7,994.4,2,1,1.00,CYCLE,S
IND,208,10488,28656,03/06/2021,10:05:44,15,2,27.0,1.0,760.7,760.4,2,1,1.00,CYCLE,S
IND,208,10488,28656,03/06/2021,10:14:22,15,2,19.2,1.1,253.8,253.6,2,1,1.00,CYCLE,S
IND,208,10488,28656,03/06/2021,10:31:56,15,2,16.1,1.1,1054.4,1054.2,2,1,1.00,CYCLE,S
IND,208,10488,28656,03/06/2021,11:12:00,15,2,30.0,1.2,521.1,520.8,2,1,1.00,CYCLE,S
IND,208,10488,28656,03/06/2021,11:15:14,15,2,26.4,1.0,120.8,120.6,2,1,1.00,CYCLE,S
IND,208,10488,28656,03/06/2021,11:38:46,15,2,20.8,1.0,1040.7,1040.5,2,1,1.00,CYCLE,S
IND,208,10488,28656,03/06/2021,11:44:58,15,2,23.5,1.0,372.4,372.2,2,1,1.00,CYCLE,S
IND,208,10488,28656,03/06/2021,11:45:19,15,2,23.9,0.9,21.0,20.8,2,1,1.00,CYCLE,S
IND,208,10488,28656,03/06/2021,11:59:43,15,2,34.0,1.0,863.8,863.6,2,1,1.00,CYCLE,S
IND,208,10488,28656,03/06/2021,12:03:44,15,2,21.5,1.1,241.8,241.6,2,1,1.00,CYCLE,S
IND,208,10488,28656,03/06/2021,12:07:54,15,2,17.0,1.1,249.1,248.9,2,1,1.00,CYCLE,S
IND,208,10488,28656,03/06/2021,12:14:51,15,2,54.1,0.8,417.3,417.0,2,1,1.00,CYCLE,S
IND,208,10488,28656,03/06/2021,12:15:00,15,2,26.8,1.0,8.9,8.9,2,1,1.00,CYCLE,S
IND,208,10488,28656,03/06/2021,12:34:43,15,2,21.8,1.1,1183.5,1183.3,2,1,1.00,CYCLE,S
IND,208,10488,28656,03/06/2021,12:37:01,15,2,31.3,1.0,137.9,137.7,2,1,1.00,CYCLE,S
IND,208,10488,28656,03/06/2021,12:41:26,15,2,27.5,1.0,265.3,265.2,2,1,1.00,CYCLE,S
IND,208,10488,28656,03/06/2021,12:45:52,15,2,29.4,1.0,47.6,47.2,2,1,1.00,CYCLE,S
IND,208,10488,28656,03/06/2021,12:58:36,15,2,15.4,1.1,763.1,762.9,2,1,1.00,CYCLE,S
IND,208,10488,28656,03/06/2021,13:11:09,15,2,19.5,1.0,753.9,753.7,2,1,1.00,CYCLE,S
IND,208,10488,28656,03/06/2021,13:17:56,15,2,24.5,1.1,406.4,406.2,2,1,1.00,CYCLE,S
IND,208,10488,28656,03/06/2021,13:19:52,15,2,15.1,1.0,116.6,116.4,2,1,1.00,CYCLE,S
IND,208,10488,28656,03/06/2021,13:53:59,15,2,42.8,1.0,791.8,791.6,2,1,1.00,CYCLE,S
IND,208,10488,28656,03/06/2021,14:01:16,15,2,16.9,1.0,437.4,436.6,2,1,1.00,CYCLE,S
IND,208,10488,28656,03/06/2021,14:07:33,15,2,19.7,1.0,376.7,376.4,2,1,1.00,CYCLE,S
IND,208,10488,28656,03/06/2021,14:13:36,15,2,26.1,1.1,363.3,363.1,2,1,1.00,CYCLE,S
IND,208,10488,28656,03/06/2021,14:27:46,15,2,14.7,1.0,849.8,849.7,2,1,1.00,CYCLE,S
IND,208,10488,28656,03/06/2021,14:29:33,15,2,32.2,1.0,107.1,106.8,2,1,1.00,CYCLE,S
IND,208,10488,28656,03/06/2021,14:31:48,15,2,20.5,1.0,135.2,135.1,2,1,1.00,CYCLE,S
IND,208,10488,28656,03/06/2021,14:33:22,15,2,18.0,1.0,94.1,94.0,2,1,1.00,CYCLE,S
IND,208,10488,28656,03/06/2021,14:40:43,15,2,19.9,1.1,440.6,440.4,2,1,1.00,CYCLE,S
IND,208,10488,28656,03/06/2021,14:41:56,15,2,10.4,1.0,72.6,72.4,2,1,1.00,CYCLE,S
IND,208,10488,28656,03/06/2021,14:49:06,15,2,16.8,1.1,430.0,429.6,2,1,1.00,CYCLE,S
IND,208,10488,28656,03/06/2021,14:49:49,15,2,26.5,1.0,43.5,43.3,2,1,1.00,CYCLE,S
IND,208,10488,28656,03/06/2021,14:52:34,15,2,26.9,1.0,164.6,164.5,2,1,1.00,CYCLE,S
IND,208,10488,28656,03/06/2021,15:02:38,15,2,24.7,1.0,604.6,604.5,2,1,1.00,CYCLE,S
IND,208,10488,28656,03/06/2021,15:05:36,15,2,18.1,1.1,177.6,177.4,2,1,1.00,CYCLE,S
IND,208,10488,28656,03/06/2021,15:07:58,15,2,20.5,1.0,141.6,141.4,2,1,1.00,CYCLE,S
IND,208,10488,28656,03/06/2021,15:15:40,15,2,13.7,1.0,462.6,462.4,2,1,1.00,CYCLE,S
IND,208,10488,28656,03/06/2021,15:15:42,15,2,14.1,1.1,1.7,1.4,2,1,1.00,CYCLE,S
IND,208,10488,28656,03/06/2021,15:21:19,15,2,24.3,1.0,337.3,337.0,2,1,1.00,CYCLE,S
IND,208,10488,28656,03/06/2021,15:25:36,15,2,27.2,1.0,256.5,256.3,2,1,1.00,CYCLE,S
IND,208,10488,28656,03/06/2021,15:25:59,15,2,15.8,1.0,23.1,23.0,2,1,1.00,CYCLE,S
IND,208,10488,28656,03/06/2021,15:25:59,15,2,15.5,1.0,0.5,0.2,2,1,1.00,CYCLE,S
IND,208,10488,28656,03/06/2021,15:39:54,15,2,10.5,1.0,834.8,834.6,2,1,1.00,CYCLE,S
IND,208,10488,28656,03/06/2021,15:44:19,15,2,20.7,1.1,265.2,264.8,2,1,1.00,CYCLE,S
IND,208,10488,28656,03/06/2021,15:50:51,15,2,12.8,1.1,391.6,391.4,2,1,1.00,CYCLE,S
IND,208,10488,28656,03/06/2021,15:51:05,15,2,15.0,1.0,13.9,13.6,2,1,1.00,CYCLE,S
IND,208,10488,28656,03/06/2021,16:03:28,15,2,19.8,1.1,743.2,743.0,2,1,1.00,CYCLE,S
IND,208,10488,28656,03/06/2021,16:07:31,15,2,30.4,1.0,242.9,242.7,2,1,1.00,CYCLE,S
IND,208,10488,28656,03/06/2021,16:14:19,15,2,28.5,1.0,408.4,408.2,2,1,1.00,CYCLE,S
IND,208,10488,28656,03/06/2021,16:27:14,15,2,15.9,1.1,774.8,774.6,2,1,1.00,CYCLE,S
IND,208,10488,28656,03/06/2021,16:27:53,15,2,21.9,1.0,38.7,38.5,2,1,1.00,CYCLE,S
IND,208,10488,28656,03/06/2021,16:38:40,15,2,32.9,1.0,647.5,647.3,2,1,1.00,CYCLE,S
IND,208,10488,28656,03/06/2021,16:48:59,15,2,28.4,1.0,428.4,427.0,2,1,1.00,CYCLE,S
IND,208,10488,28656,03/06/2021,16:51:11,15,2,18.0,0.9,132.2,132.1,2,1,1.00,CYCLE,S
IND,208,10488,28656,03/06/2021,16:53:05,15,2,29.5,1.0,81.1,80.3,2,1,1.00,CYCLE,S
IND,208,10488,28656,03/06/2021,16:55:13,15,2,29.9,1.0,128.3,128.2,2,1,1.00,CYCLE,S
IND,208,10488,28656,03/06/2021,17:07:12,15,2,37.8,1.0,514.0,513.6,2,1,1.00,CYCLE,S
IND,208,10488,28656,03/06/2021,17:07:13,15,2,26.4,1.1,0.8,0.7,2,1,1.00,CYCLE,S
IND,208,10488,28656,03/06/2021,17:07:21,15,2,20.0,1.0,8.7,8.5,2,1,1.00,CYCLE,S
IND,208,10488,28656,03/06/2021,17:07:25,15,2,19.1,1.0,4.0,3.8,2,1,1.00,CYCLE,S
IND,208,10488,28656,03/06/2021,17:08:40,15,2,33.1,1.0,75.2,75.0,2,1,1.00,CYCLE,S
IND,208,10488,28656,03/06/2021,17:08:51,15,2,18.4,1.1,10.6,10.5,2,1,1.00,CYCLE,S
IND,208,10488,28656,03/06/2021,17:19:00,15,2,25.9,1.0,40.0,39.8,2,1,1.00,CYCLE,S
IND,208,10488,28656,03/06/2021,17:25:28,15,2,20.9,1.0,233.7,233.3,2,1,1.00,CYCLE,S
IND,208,10488,28656,03/06/2021,17:25:34,15,2,22.8,1.1,6.1,5.9,2,1,1.00,CYCLE,S
IND,208,10488,28656,03/06/2021,17:27:55,15,2,24.4,1.0,140.9,140.7,2,1,1.00,CYCLE,S
IND,208,10488,28656,03/06/2021,17:32:11,15,2,29.7,1.1,256.3,256.1,2,1,1.00,CYCLE,S
IND,208,10488,28656,03/06/2021,17:38:12,15,2,18.5,1.0,360.9,360.8,2,1,1.00,CYCLE,S
IND,208,10488,28656,03/06/2021,17:38:16,15,2,21.8,1.0,3.6,3.5,2,1,1.00,CYCLE,S
IND,208,10488,28656,03/06/2021,17:38:49,15,2,28.8,1.0,33.0,32.8,2,1,1.00,CYCLE,S
IND,208,10488,28656,03/06/2021,17:46:37,15,2,23.6,1.0,468.1,468.0,2,1,1.00,CYCLE,S
IND,208,10488,28656,03/06/2021,17:49:07,15,2,31.5,1.0,149.5,149.3,2,1,1.00,CYCLE,S
IND,208,10488,28656,03/06/2021,17:49:11,15,2,30.4,1.0,4.3,4.2,2,1,1.00,CYCLE,S
IND,208,10488,28656,03/06/2021,17:49:12,15,2,32.2,1.0,0.9,0.8,2,1,1.00,CYCLE,S
IND,208,10488,28656,03/06/2021,17:49:12,15,2,31.8,1.0,0.4,0.2,2,1,1.00,CYCLE,S
IND,208,10488,28656,03/06/2021,18:00:03,15,2,27.4,1.1,556.6,556.4,2,1,1.00,CYCLE,S
IND,208,10488,28656,03/06/2021,18:04:33,15,2,33.6,1.0,270.7,270.5,2,1,1.00,CYCLE,S
IND,208,10488,28656,03/06/2021,18:05:14,15,2,19.1,1.0,40.5,40.4,2,1,1.00,CYCLE,S
IND,208,10488,28656,03/06/2021,18:06:53,15,2,31.3,1.0,99.4,99.2,2,1,1.00,CYCLE,S
IND,208,10488,28656,03/06/2021,18:13:10,15,2,15.9,1.1,377.2,377.1,2,1,1.00,CYCLE,S
IND,208,10488,28656,03/06/2021,18:22:48,15,2,30.1,1.0,87.8,87.4,2,1,1.00,CYCLE,S
IND,208,10488,28656,03/06/2021,18:25:36,15,2,20.0,1.1,168.3,168.2,2,1,1.00,CYCLE,S
IND,208,10488,28656,03/06/2021,18:26:31,15,2,16.6,1.0,55.4,55.2,2,1,1.00,CYCLE,S
IND,208,10488,28656,03/06/2021,18:29:58,15,2,24.7,1.0,207.1,206.9,2,1,1.00,CYCLE,S
IND,208,10488,28656,03/06/2021,18:40:18,15,2,25.3,1.1,619.8,619.6,2,1,1.00,CYCLE,S
IND,208,10488,28656,03/06/2021,18:45:51,15,2,28.8,1.0,333.0,332.8,2,1,1.00,CYCLE,S
IND,208,10488,28656,03/06/2021,18:45:57,15,2,26.6,1.1,5.5,5.3,2,1,1.00,CYCLE,S
IND,208,10488,28656,03/06/2021,18:56:03,15,2,28.2,1.0,606.4,606.2,2,1,1.00,CYCLE,S
IND,208,10488,28656,03/06/2021,18:56:03,15,2,28.2,1.0,0.0,0.0,2,1,1.00,CYCLE,S
IND,208,10488,28656,03/06/2021,18:56:26,15,2,23.1,1.1,22.7,22.4,2,1,1.00,CYCLE,S
IND,208,10488,28656,03/06/2021,19:02:36,15,2,24.5,1.0,370.4,370.2,2,1,1.00,CYCLE,S
IND,208,10488,28656,03/06/2021,19:32:27,15,2,16.5,1.1,103.4,103.3,2,1,1.00,CYCLE,S
IND,208,10488,28656,03/06/2021,19:41:13,15,2,19.6,1.1,525.9,525.7,2,1,1.00,CYCLE,S
IND,208,10488,28656,03/06/2021,19:47:01,15,2,30.2,1.0,348.3,348.1,2,1,1.00,CYCLE,S
IND,208,10488,28656,03/06/2021,19:58:33,15,2,24.6,1.1,691.3,691.1,2,1,1.00,CYCLE,S
IND,208,10488,28656,03/06/2021,19:59:40,15,2,19.5,1.0,67.2,67.0,2,1,1.00,CYCLE,S
IND,208,10488,28656,03/06/2021,20:10:36,15,2,26.0,1.1,656.4,656.2,2,1,1.00,CYCLE,S
IND,208,10488,28656,03/06/2021,22:54:55,15,2,18.3,1.0,2275.3,2275.1,2,1,1.00,CYCLE,S
IND,208,10488,28656,03/06/2021,23:06:41,15,2,31.6,1.0,706.1,705.9,2,1,1.00,CYCLE,S
IND,208,10488,28656,03/06/2021,23:48:21,15,2,23.7,1.1,1310.5,1310.4,2,1,1.00,CYCLE,S
IND,208,10488,28656,04/06/2021,01:24:25,15,2,25.2,1.0,5763.7,5763.5,2,1,1.00,CYCLE,S
IND,208,10488,28656,04/06/2021,03:25:16,15,2,23.0,1.1,7251.3,7251.2,2,1,1.00,CYCLE,S
IND,208,10488,28656,04/06/2021,04:49:24,15,2,14.3,1.0,5048.5,5048.3,2,1,1.00,CYCLE,S
IND,208,10488,28656,04/06/2021,06:40:18,15,2,23.6,1.1,595.4,593.1,2,1,1.00,CYCLE,S
IND,208,10488,28656,04/06/2021,07:30:05,15,2,28.7,1.1,2080.8,2080.5,2,1,1.00,CYCLE,S
IND,208,10488,28656,04/06/2021,07:46:29,15,2,16.3,0.7,983.8,983.7,2,1,1.00,CYCLE,S
IND,208,10488,28656,04/06/2021,08:23:06,15,2,23.6,1.1,2197.2,2197.0,2,1,1.00,CYCLE,S
IND,208,10488,28656,04/06/2021,08:35:05,15,2,29.0,1.0,718.7,718.6,2,1,1.00,CYCLE,S
IND,208,10488,28656,04/06/2021,08:54:19,15,2,5.3,1.0,201.4,201.0,2,1,1.00,CYCLE,S
IND,208,10488,28656,04/06/2021,09:12:04,15,2,10.3,1.0,774.4,774.1,2,1,1.00,CYCLE,S
IND,208,10488,28656,04/06/2021,09:28:53,15,2,21.4,1.0,451.8,451.5,2,1,1.00,CYCLE,S
IND,208,10488,28656,04/06/2021,10:25:44,15,2,22.8,1.1,292.1,291.8,2,1,1.00,CYCLE,S
IND,208,10488,28656,04/06/2021,10:36:56,15,2,24.2,1.0,672.0,671.8,2,1,1.00,CYCLE,S
IND,208,10488,28656,04/06/2021,11:27:21,15,2,22.7,1.0,1424.8,1424.6,2,1,1.00,CYCLE,S
IND,208,10488,28656,04/06/2021,11:27:50,15,2,18.6,1.1,29.1,29.0,2,1,1.00,CYCLE,S
IND,208,10488,28656,04/06/2021,11:55:41,15,2,22.7,1.0,838.3,838.1,2,1,1.00,CYCLE,S
IND,208,10488,28656,04/06/2021,12:38:46,15,2,20.0,1.0,2585.1,2585.0,2,1,1.00,CYCLE,S
IND,208,10488,28656,04/06/2021,12:58:49,15,2,37.8,0.9,1202.9,1202.7,2,1,1.00,CYCLE,S
IND,208,10488,28656,04/06/2021,13:11:20,15,2,14.6,1.1,750.7,750.6,2,1,1.00,CYCLE,S
IND,208,10488,28656,04/06/2021,13:20:27,15,2,42.3,1.0,546.7,546.5,2,1,0.80,CYCLE,S
IND,208,10488,28656,04/06/2021,13:20:46,15,2,23.5,1.1,18.9,18.3,2,1,1.00,CYCLE,S
IND,208,10488,28656,04/06/2021,14:08:03,15,2,27.2,1.0,2837.7,2837.5,2,1,1.00,CYCLE,S
IND,208,10488,28656,04/06/2021,14:25:24,15,2,21.1,1.1,592.3,592.0,2,1,1.00,CYCLE,S
IND,208,10488,28656,04/06/2021,14:43:21,15,2,23.4,1.1,1077.1,1076.9,2,1,1.00,CYCLE,S
IND,208,10488,28656,04/06/2021,14:47:18,15,2,15.4,1.1,237.0,236.8,2,1,1.00,CYCLE,S
IND,208,10488,28656,04/06/2021,14:50:16,15,2,26.0,1.0,177.9,177.6,2,1,1.00,CYCLE,S
IND,208,10488,28656,04/06/2021,14:54:36,15,2,23.8,1.1,260.2,260.1,2,1,1.00,CYCLE,S
IND,208,10488,28656,04/06/2021,15:01:27,15,2,30.2,1.0,411.1,410.9,2,1,1.00,CYCLE,S
IND,208,10488,28656,04/06/2021,15:08:15,15,2,24.5,0.9,408.0,407.9,2,1,1.00,CYCLE,S
IND,208,10488,28656,04/06/2021,15:17:20,15,2,14.0,1.0,32.3,32.1,2,1,1.00,CYCLE,S
IND,208,10488,28656,04/06/2021,15:17:51,15,2,20.2,1.0,30.6,30.4,2,1,1.00,CYCLE,S
IND,208,10488,28656,04/06/2021,15:26:23,15,2,22.1,1.1,512.1,511.9,2,1,1.00,CYCLE,S
IND,208,10488,28656,04/06/2021,15:28:51,15,2,20.5,1.0,148.2,148.0,2,1,1.00,CYCLE,S
IND,208,10488,28656,04/06/2021,15:33:05,15,2,25.0,1.1,253.5,253.3,2,1,1.00,CYCLE,S
IND,208,10488,28656,04/06/2021,15:35:38,15,2,24.2,1.0,153.5,153.3,2,1,1.00,CYCLE,S
IND,208,10488,28656,04/06/2021,15:35:50,15,2,13.8,1.0,11.7,11.5,2,1,1.00,CYCLE,S
IND,208,10488,28656,04/06/2021,15:47:24,15,2,19.7,1.1,369.0,367.5,2,1,1.00,CYCLE,S
IND,208,10488,28656,04/06/2021,15:49:16,15,2,18.2,1.0,111.7,111.5,2,1,1.00,CYCLE,S
IND,208,10488,28656,04/06/2021,15:56:55,15,2,18.1,1.0,459.1,458.9,2,1,1.00,CYCLE,S
IND,208,10488,28656,04/06/2021,16:04:08,15,2,17.7,1.0,433.7,433.5,2,1,1.00,CYCLE,S
IND,208,10488,28656,04/06/2021,16:13:18,15,2,21.3,1.0,549.7,549.5,2,1,1.00,CYCLE,S
IND,208,10488,28656,04/06/2021,16:20:11,15,2,15.0,1.0,412.9,412.7,2,1,1.00,CYCLE,S
IND,208,10488,28656,04/06/2021,16:20:32,15,2,21.7,1.0,21.3,21.1,2,1,1.00,CYCLE,S
IND,208,10488,28656,04/06/2021,16:29:04,15,2,18.0,1.1,511.9,511.7,2,1,1.00,CYCLE,S
IND,208,10488,28656,04/06/2021,16:34:17,15,2,22.6,1.0,168.8,168.3,2,1,1.00,CYCLE,S
IND,208,10488,28656,04/06/2021,16:38:25,15,2,25.5,1.1,247.7,247.6,2,1,1.00,CYCLE,S
IND,208,10488,28656,04/06/2021,16:39:26,15,2,27.6,1.0,60.8,60.7,2,1,1.00,CYCLE,S
IND,208,10488,28656,04/06/2021,16:41:11,15,2,16.6,1.1,104.8,104.7,2,1,1.00,CYCLE,S
IND,208,10488,28656,04/06/2021,16:53:47,15,2,23.4,1.0,471.0,470.8,2,1,1.00,CYCLE,S
IND,208,10488,28656,04/06/2021,17:00:21,15,2,28.0,1.0,394.2,394.0,2,1,1.00,CYCLE,S
IND,208,10488,28656,04/06/2021,17:15:32,15,2,20.9,1.0,911.1,911.0,2,1,1.00,CYCLE,S
IND,208,10488,28656,04/06/2021,17:25:35,15,2,18.9,1.0,602.4,602.2,2,1,1.00,CYCLE,S
IND,208,10488,28656,04/06/2021,17:29:06,15,2,26.6,1.0,211.3,211.2,2,1,1.00,CYCLE,S
IND,208,10488,28656,04/06/2021,17:35:55,15,2,24.4,1.0,409.3,409.2,2,1,1.00,CYCLE,S
IND,208,10488,28656,04/06/2021,17:38:12,15,2,28.4,1.1,136.5,136.4,2,1,1.00,CYCLE,S
IND,208,10488,28656,04/06/2021,17:38:17,15,2,25.2,1.0,5.7,5.6,2,1,1.00,CYCLE,S
IND,208,10488,28656,04/06/2021,17:40:29,15,2,26.2,1.0,131.1,131.0,2,1,1.00,CYCLE,S
IND,208,10488,28656,04/06/2021,17:42:45,15,2,27.9,1.1,136.9,136.8,2,1,1.00,CYCLE,S
IND,208,10488,28656,04/06/2021,17:49:54,15,2,18.0,1.0,428.3,428.1,2,1,1.00,CYCLE,S
IND,208,10488,28656,04/06/2021,17:55:31,15,2,27.5,1.0,177.9,177.5,2,1,1.00,CYCLE,S
IND,208,10488,28656,04/06/2021,17:55:31,15,2,28.3,1.0,0.3,0.2,2,1,1.00,CYCLE,S
IND,208,10488,28656,04/06/2021,18:00:24,15,2,14.9,1.0,136.9,136.7,2,1,1.00,CYCLE,S
IND,208,10488,28656,04/06/2021,18:04:33,15,2,26.7,1.0,111.2,110.9,2,1,1.00,CYCLE,S
IND,208,10488,28656,04/06/2021,18:40:39,15,2,18.4,1.1,1331.6,1331.5,2,1,1.00,CYCLE,S
IND,208,10488,28656,04/06/2021,18:49:09,15,2,15.5,1.0,509.3,509.1,2,1,1.00,CYCLE,S
IND,208,10488,28656,04/06/2021,18:51:30,15,2,17.9,1.1,141.7,141.5,2,1,1.00,CYCLE,S
IND,208,10488,28656,04/06/2021,18:53:42,15,2,22.4,1.0,132.0,131.8,2,1,1.00,CYCLE,S
IND,208,10488,28656,04/06/2021,19:10:33,15,2,23.7,1.1,202.4,202.2,2,1,1.00,CYCLE,S
IND,208,10488,28656,04/06/2021,19:36:22,15,2,26.6,1.1,1549.4,1549.2,2,1,1.00,CYCLE,S
IND,208,10488,28656,04/06/2021,19:36:32,15,2,22.0,1.0,10.1,9.9,2,1,1.00,CYCLE,S
IND,208,10488,28656,04/06/2021,19:53:45,15,2,27.2,1.0,972.3,972.2,2,1,1.00,CYCLE,S
IND,208,10488,28656,04/06/2021,20:03:47,15,2,23.4,1.0,601.6,601.5,2,1,1.00,CYCLE,S
IND,208,10488,28656,04/06/2021,20:25:28,15,2,17.8,1.1,957.9,957.6,2,1,1.00,CYCLE,S
IND,208,10488,28656,04/06/2021,21:04:22,15,2,22.1,1.1,2334.6,2334.4,2,1,1.00,CYCLE,S
IND,208,10488,28656,04/06/2021,21:11:10,15,2,24.3,1.1,407.5,407.3,2,1,1.00,CYCLE,S
IND,208,10488,28656,04/06/2021,22:10:52,15,2,26.7,1.0,1088.6,1088.5,2,1,1.00,CYCLE,S
IND,208,10488,28656,04/06/2021,22:41:29,15,2,19.5,1.0,1836.3,1836.2,2,1,1.00,CYCLE,S
IND,208,10488,28656,04/06/2021,23:25:51,15,2,25.7,1.0,2662.7,2662.5,2,1,1.00,CYCLE,S
IND,208,10488,28656,05/06/2021,01:42:57,15,2,19.0,1.0,494.5,493.8,2,1,1.00,CYCLE,S
IND,208,10488,28656,05/06/2021,01:54:38,15,2,37.1,1.1,701.4,701.2,2,1,1.00,CYCLE,S
IND,208,10488,28656,05/06/2021,04:51:34,15,2,14.8,1.1,1402.1,1401.9,2,1,1.00,CYCLE,S
IND,208,10488,28656,05/06/2021,05:28:11,15,2,24.1,1.0,2196.4,2196.1,2,1,1.00,CYCLE,S
IND,208,10488,28656,05/06/2021,05:40:02,15,2,26.2,1.0,124.8,123.9,2,1,1.00,CYCLE,S
IND,208,10488,28656,05/06/2021,07:05:54,15,2,29.5,1.0,550.6,550.4,2,1,1.00,CYCLE,S
IND,208,10488,28656,05/06/2021,07:24:35,15,2,19.9,1.0,753.4,753.3,2,1,1.00,CYCLE,S
IND,208,10488,28656,05/06/2021,08:12:43,15,2,25.3,1.0,2888.5,2888.3,2,1,1.00,CYCLE,S
IND,208,10488,28656,05/06/2021,08:23:50,15,2,28.8,1.0,666.3,666.2,2,1,1.00,CYCLE,S
IND,208,10488,28656,05/06/2021,08:23:50,15,2,30.5,1.0,0.3,0.1,2,1,1.00,CYCLE,S
IND,208,10488,28656,05/06/2021,08:35:59,15,2,28.3,0.9,251.7,251.5,2,1,1.00,CYCLE,S
IND,208,10488,28656,05/06/2021,08:56:18,15,2,21.9,1.0,1219.1,1218.9,2,1,1.00,CYCLE,S
IND,208,10488,28656,05/06/2021,08:56:19,15,2,22.9,1.1,1.2,1.0,2,1,1.00,CYCLE,S
IND,208,10488,28656,05/06/2021,09:10:24,15,2,31.5,1.0,265.7,265.6,2,1,1.00,CYCLE,S
IND,208,10488,28656,05/06/2021,09:16:58,15,2,24.3,1.0,394.1,394.0,2,1,1.00,CYCLE,S
IND,208,10488,28656,05/06/2021,09:16:58,15,2,22.3,1.0,0.5,0.3,2,1,1.00,CYCLE,S
IND,208,10488,28656,05/06/2021,09:17:05,15,2,22.5,1.0,6.3,6.1,2,1,1.00,CYCLE,S
IND,208,10488,28656,05/06/2021,09:18:57,15,2,22.6,1.0,112.7,112.6,2,1,1.00,CYCLE,S
IND,208,10488,28656,05/06/2021,09:18:58,15,2,23.0,1.0,0.4,0.3,2,1,1.00,CYCLE,S
IND,208,10488,28656,05/06/2021,09:25:46,15,2,32.1,1.0,407.9,407.8,2,1,1.00,CYCLE,S
IND,208,10488,28656,05/06/2021,09:34:52,15,2,30.7,1.0,546.7,546.6,2,1,1.00,CYCLE,S
IND,208,10488,28656,05/06/2021,09:56:41,15,2,32.6,1.0,795.5,795.4,2,1,1.00,CYCLE,S
IND,208,10488,28656,05/06/2021,09:56:42,15,2,31.5,1.0,1.2,1.1,2,1,1.00,CYCLE,S
IND,208,10488,28656,05/06/2021,09:57:38,15,2,26.0,1.0,55.7,55.6,2,1,1.00,CYCLE,S
IND,208,10488,28656,05/06/2021,10:18:00,15,2,21.4,0.9,924.0,924.0,2,1,1.00,CYCLE,S
IND,208,10488,28656,05/06/2021,10:28:20,15,2,24.6,0.9,619.5,619.4,2,1,1.00,CYCLE,S
IND,208,10488,28656,05/06/2021,10:30:39,15,2,21.7,1.1,139.6,139.5,2,1,1.00,CYCLE,S
IND,208,10488,28656,05/06/2021,10:46:05,15,2,16.1,1.0,925.4,925.3,2,1,1.00,CYCLE,S
IND,208,10488,28656,05/06/2021,11:02:53,15,2,22.0,1.0,1008.0,1007.8,2,1,1.00,CYCLE,S
IND,208,10488,28656,05/06/2021,11:12:25,15,2,23.6,1.1,572.5,572.3,2,1,1.00,CYCLE,S
IND,208,10488,28656,05/06/2021,11:14:29,15,2,25.7,1.1,123.9,123.8,2,1,1.00,CYCLE,S
IND,208,10488,28656,05/06/2021,11:15:47,15,2,26.1,1.0,77.9,77.8,2,1,1.00,CYCLE,S
IND,208,10488,28656,05/06/2021,11:16:00,15,2,26.5,0.9,12.8,12.6,2,1,1.00,CYCLE,S
IND,208,10488,28656,05/06/2021,11:16:09,15,2,21.6,1.0,9.2,9.1,2,1,1.00,CYCLE,S
IND,208,10488,28656,05/06/2021,11:16:26,15,2,25.0,1.0,17.1,16.9,2,1,1.00,CYCLE,S
IND,208,10488,28656,05/06/2021,11:24:26,15,2,25.5,1.0,479.8,479.7,2,1,1.00,CYCLE,S
IND,208,10488,28656,05/06/2021,11:26:11,15,2,28.9,1.0,104.9,104.7,2,1,1.00,CYCLE,S
IND,208,10488,28656,05/06/2021,11:31:09,15,2,20.3,1.0,298.5,298.4,2,1,1.00,CYCLE,S
IND,208,10488,28656,05/06/2021,11:32:49,15,2,18.8,1.0,99.8,99.7,2,1,1.00,CYCLE,S
IND,208,10488,28656,05/06/2021,11:33:38,15,2,21.9,1.0,48.7,48.5,2,1,1.00,CYCLE,S
IND,208,10488,28656,05/06/2021,11:36:42,15,2,30.7,1.0,184.5,184.4,2,1,1.00,CYCLE,S
IND,208,10488,28656,05/06/2021,11:52:11,15,2,27.8,1.1,928.2,928.1,2,1,1.00,CYCLE,S
IND,208,10488,28656,05/06/2021,11:54:32,15,2,28.0,1.0,141.5,141.4,2,1,1.00,CYCLE,S
IND,208,10488,28656,05/06/2021,12:09:54,15,2,28.4,1.0,922.2,922.1,2,1,1.00,CYCLE,S
IND,208,10488,28656,05/06/2021,12:12:25,15,2,20.8,1.0,150.4,150.2,2,1,1.00,CYCLE,S
IND,208,10488,28656,05/06/2021,12:13:37,15,2,32.9,1.0,72.8,72.6,2,1,1.00,CYCLE,S
IND,208,10488,28656,05/06/2021,12:16:17,15,2,22.5,1.1,160.0,159.9,2,1,1.00,CYCLE,S
IND,208,10488,28656,05/06/2021,12:16:20,15,2,23.6,1.1,2.2,2.1,2,1,1.00,CYCLE,S
IND,208,10488,28656,05/06/2021,12:20:15,15,2,22.9,1.1,235.5,235.3,2,1,1.00,CYCLE,S
IND,208,10488,28656,05/06/2021,12:20:16,15,2,21.8,1.0,0.6,0.4,2,1,1.00,CYCLE,S
IND,208,10488,28656,05/06/2021,12:32:56,15,2,30.8,1.0,760.7,760.5,2,1,1.00,CYCLE,S
IND,208,10488,28656,05/06/2021,12:33:04,15,2,28.0,1.0,7.7,7.6,2,1,1.00,CYCLE,S
IND,208,10488,28656,05/06/2021,12:35:22,15,2,18.7,1.2,137.7,137.6,2,1,1.00,CYCLE,S
IND,208,10488,28656,05/06/2021,12:56:27,15,2,24.5,1.0,590.5,590.4,2,1,1.00,CYCLE,S
IND,208,10488,28656,05/06/2021,12:58:00,15,2,30.3,1.0,92.6,92.5,2,1,1.00,CYCLE,S
IND,208,10488,28656,05/06/2021,13:06:05,15,2,25.1,1.0,485.2,485.1,2,1,1.00,CYCLE,S
IND,208,10488,28656,05/06/2021,13:13:09,15,2,31.2,1.0,424.0,423.8,2,1,1.00,CYCLE,S
IND,208,10488,28656,05/06/2021,13:23:54,15,2,15.3,1.0,644.6,644.5,2,1,1.00,CYCLE,S
IND,208,10488,28656,05/06/2021,13:28:46,15,2,25.7,1.0,292.0,291.7,2,1,1.00,CYCLE,S
IND,208,10488,28656,05/06/2021,13:38:08,15,2,31.5,1.0,562.6,562.4,2,1,1.00,CYCLE,S
IND,208,10488,28656,05/06/2021,13:40:30,15,2,27.8,1.1,141.7,141.5,2,1,1.00,CYCLE,S
IND,208,10488,28656,05/06/2021,13:44:02,15,2,22.4,1.0,103.0,102.7,2,1,1.00,CYCLE,S
IND,208,10488,28656,05/06/2021,13:54:28,15,2,26.9,1.0,626.3,626.1,2,1,1.00,CYCLE,S
IND,208,10488,28656,05/06/2021,14:01:04,15,2,16.1,1.0,395.5,395.4,2,1,1.00,CYCLE,S
IND,208,10488,28656,05/06/2021,14:01:06,15,2,17.0,1.1,2.3,2.1,2,1,1.00,CYCLE,S
IND,208,10488,28656,05/06/2021,14:04:15,15,2,26.5,1.1,188.6,188.4,2,1,1.00,CYCLE,S
IND,208,10488,28656,05/06/2021,14:08:28,15,2,15.0,1.1,137.3,137.1,2,1,1.00,CYCLE,S
IND,208,10488,28656,05/06/2021,14:21:53,15,2,32.3,1.0,730.0,729.8,2,1,1.00,CYCLE,S
IND,208,10488,28656,05/06/2021,14:45:59,15,2,11.9,1.0,1445.6,1445.5,2,1,1.00,CYCLE,S
IND,208,10488,28656,05/06/2021,14:46:01,15,2,11.8,1.0,2.7,2.4,2,1,1.00,CYCLE,S
IND,208,10488,28656,05/06/2021,15:03:48,15,2,19.2,1.0,58.1,57.8,2,1,1.00,CYCLE,S
IND,208,10488,28656,05/06/2021,15:05:06,15,2,28.9,1.0,77.7,77.5,2,1,1.00,CYCLE,S
IND,208,10488,28656,05/06/2021,15:05:06,15,2,28.9,1.0,0.0,0.0,2,1,1.00,CYCLE,S
IND,208,10488,28656,05/06/2021,15:21:36,15,2,23.6,1.0,990.4,990.2,2,1,1.00,CYCLE,S
IND,208,10488,28656,05/06/2021,15:21:39,15,2,23.2,1.0,3.1,3.0,2,1,1.00,CYCLE,S
IND,208,10488,28656,05/06/2021,15:27:08,15,2,24.9,1.1,328.4,328.2,2,1,1.00,CYCLE,S
IND,208,10488,28656,05/06/2021,15:31:37,15,2,16.6,1.0,269.5,269.3,2,1,1.00,CYCLE,S
IND,208,10488,28656,05/06/2021,15:50:00,15,2,24.7,1.1,1068.3,1067.3,2,1,1.00,CYCLE,S
IND,208,10488,28656,05/06/2021,15:51:43,15,2,21.7,1.0,102.8,102.6,2,1,1.00,CYCLE,S
IND,208,10488,28656,05/06/2021,15:57:16,15,2,22.5,1.0,333.2,333.0,2,1,1.00,CYCLE,S
IND,208,10488,28656,05/06/2021,16:02:38,15,2,16.3,1.0,321.9,321.7,2,1,1.00,CYCLE,S
IND,208,10488,28656,05/06/2021,16:02:49,15,2,14.3,1.0,11.3,11.0,2,1,1.00,CYCLE,S
IND,208,10488,28656,05/06/2021,16:18:58,15,2,23.2,1.1,968.8,968.5,2,1,1.00,CYCLE,S
IND,208,10488,28656,05/06/2021,16:26:50,15,2,11.1,1.0,472.3,472.1,2,1,1.00,CYCLE,S
IND,208,10488,28656,05/06/2021,16:34:33,15,2,28.3,1.0,18.7,18.5,2,1,1.00,CYCLE,S
IND,208,10488,28656,05/06/2021,17:02:23,15,2,24.6,1.1,1669.8,1669.6,2,1,1.00,CYCLE,S
IND,208,10488,28656,05/06/2021,17:29:36,15,2,30.7,1.2,771.7,771.5,2,1,1.00,CYCLE,S
IND,208,10488,28656,05/06/2021,17:54:40,15,2,21.8,1.1,108.4,108.3,2,1,1.00,CYCLE,S
IND,208,10488,28656,05/06/2021,18:26:33,15,2,22.3,1.0,1913.3,1913.2,2,1,1.00,CYCLE,S
IND,208,10488,28656,05/06/2021,18:26:39,15,2,18.5,1.0,6.0,5.8,2,1,1.00,CYCLE,S
IND,208,10488,28656,05/06/2021,18:28:52,15,2,21.9,1.0,12.6,12.1,2,1,1.00,CYCLE,S
IND,208,10488,28656,05/06/2021,19:17:35,15,2,24.0,1.1,1129.4,1129.2,2,1,1.00,CYCLE,S
IND,208,10488,28656,05/06/2021,19:54:31,15,2,27.2,0.9,2216.6,2216.4,2,1,1.00,CYCLE,S
IND,208,10488,28656,05/06/2021,20:38:03,15,2,24.7,1.1,2611.2,2611.1,2,1,1.00,CYCLE,S
IND,208,10488,28656,05/06/2021,20:40:27,15,2,27.1,1.1,144.2,144.0,2,1,1.00,CYCLE,S
IND,208,10488,28656,05/06/2021,22:19:37,15,2,26.0,0.9,512.7,512.5,2,1,1.00,CYCLE,S
IND,208,10488,28656,05/06/2021,22:19:38,15,2,31.1,0.9,0.8,0.7,2,1,1.00,CYCLE,S
IND,208,10488,28656,05/06/2021,23:37:02,15,2,13.5,1.1,4643.7,4643.5,2,1,1.00,CYCLE,S
IND,208,10488,28656,05/06/2021,23:38:32,15,2,30.3,1.1,90.1,89.8,2,1,1.00,CYCLE,S
IND,208,10488,28656,06/06/2021,05:41:02,15,2,26.7,1.0,8316.5,8316.3,2,1,1.00,CYCLE,S
IND,208,10488,28656,06/06/2021,06:43:29,15,2,32.2,1.0,3747.2,3747.0,2,1,1.00,CYCLE,S
IND,208,10488,28656,06/06/2021,06:51:41,15,2,23.9,1.0,491.6,491.5,2,1,1.00,CYCLE,S
IND,208,10488,28656,06/06/2021,06:53:00,15,2,23.3,1.0,79.6,79.5,2,1,1.00,CYCLE,S
IND,208,10488,28656,06/06/2021,08:08:23,15,2,19.8,1.0,564.1,564.0,2,1,1.00,CYCLE,S
IND,208,10488,28656,06/06/2021,08:09:56,15,2,28.9,1.0,92.9,92.7,2,1,1.00,CYCLE,S
IND,208,10488,28656,06/06/2021,08:11:15,15,2,25.5,1.0,78.9,78.8,2,1,1.00,CYCLE,S
IND,208,10488,28656,06/06/2021,08:38:02,15,2,31.9,1.0,1606.5,1606.4,2,1,1.00,CYCLE,S
IND,208,10488,28656,06/06/2021,08:46:32,15,2,27.3,1.0,510.6,510.4,2,1,1.00,CYCLE,S
IND,208,10488,28656,06/06/2021,08:59:40,15,2,24.8,1.1,788.0,787.9,2,1,1.00,CYCLE,S
IND,208,10488,28656,06/06/2021,09:04:19,15,2,30.9,1.0,278.8,278.7,2,1,1.00,CYCLE,S
IND,208,10488,28656,06/06/2021,09:07:04,15,2,30.3,1.1,165.3,165.1,2,1,1.00,CYCLE,S
IND,208,10488,28656,06/06/2021,09:31:35,15,2,28.6,1.0,955.2,955.1,2,1,1.00,CYCLE,S
IND,208,10488,28656,06/06/2021,09:33:16,15,2,28.9,1.0,100.6,100.5,2,1,1.00,CYCLE,S
IND,208,10488,28656,06/06/2021,09:42:01,15,2,25.5,1.1,525.0,524.9,2,1,1.00,CYCLE,S
IND,208,10488,28656,06/06/2021,09:47:29,15,2,22.1,1.0,328.1,327.9,2,1,1.00,CYCLE,S
IND,208,10488,28656,06/06/2021,09:48:44,15,2,29.6,1.0,75.0,74.8,2,1,1.00,CYCLE,S
IND,208,10488,28656,06/06/2021,09:52:09,15,2,26.4,1.0,205.3,205.2,2,1,1.00,CYCLE,S
IND,208,10488,28656,06/06/2021,09:57:30,15,2,26.8,1.0,320.9,320.7,2,1,1.00,CYCLE,S
IND,208,10488,28656,06/06/2021,10:14:55,15,2,25.7,1.1,1045.6,1045.4,2,1,1.00,CYCLE,S
IND,208,10488,28656,06/06/2021,10:20:36,15,2,20.3,1.0,340.2,340.1,2,1,1.00,CYCLE,S
IND,208,10488,28656,06/06/2021,10:27:52,15,2,19.0,1.0,230.8,230.7,2,1,1.00,CYCLE,S
IND,208,10488,28656,06/06/2021,10:31:51,15,2,24.3,0.9,133.9,133.8,2,1,1.00,CYCLE,S
IND,208,10488,28656,06/06/2021,10:33:43,15,2,19.1,1.0,112.1,112.0,2,1,1.00,CYCLE,S
IND,208,10488,28656,06/06/2021,10:34:47,15,2,20.2,1.1,63.9,63.7,2,1,1.00,CYCLE,S
IND,208,10488,28656,06/06/2021,10:39:29,15,2,31.7,1.0,281.7,281.5,2,1,1.00,CYCLE,S
IND,208,10488,28656,06/06/2021,10:46:56,15,2,30.0,1.0,447.5,447.3,2,1,1.00,CYCLE,S
IND,208,10488,28656,06/06/2021,10:46:57,15,2,28.6,1.0,0.4,0.3,2,1,1.00,CYCLE,S
IND,208,10488,28656,06/06/2021,10:48:20,15,2,24.0,0.8,83.0,82.9,2,1,1.00,CYCLE,S
IND,208,10488,28656,06/06/2021,11:01:17,15,2,16.5,1.1,777.6,777.5,2,1,1.00,CYCLE,S
IND,208,10488,28656,06/06/2021,11:04:32,15,2,33.2,1.0,194.6,194.3,2,1,1.00,CYCLE,S
IND,208,10488,28656,06/06/2021,11:06:07,15,2,31.2,1.0,95.5,95.4,2,1,1.00,CYCLE,S
IND,208,10488,28656,06/06/2021,11:07:55,15,2,13.9,1.0,107.5,107.4,2,1,1.00,CYCLE,S
IND,208,10488,28656,06/06/2021,11:09:51,15,2,32.3,1.0,116.1,115.9,2,1,1.00,CYCLE,S
IND,208,10488,28656,06/06/2021,11:10:00,15,2,25.2,1.0,9.6,9.5,2,1,1.00,CYCLE,S
IND,208,10488,28656,06/06/2021,11:19:00,15,2,19.2,1.0,539.9,539.8,2,1,1.00,CYCLE,S
IND,208,10488,28656,06/06/2021,11:22:20,15,2,23.2,1.0,199.3,199.1,2,1,1.00,CYCLE,S
IND,208,10488,28656,06/06/2021,11:29:11,15,2,29.3,1.0,8.5,8.3,2,1,1.00,CYCLE,S
IND,208,10488,28656,06/06/2021,11:29:26,15,2,55.3,1.0,14.7,14.5,2,1,1.00,CYCLE,S
IND,208,10488,28656,06/06/2021,11:31:24,15,2,19.6,1.0,118.2,117.9,2,1,1.00,CYCLE,S
IND,208,10488,28656,06/06/2021,11:33:02,15,2,28.2,1.0,98.2,98.0,2,1,1.00,CYCLE,S
IND,208,10488,28656,06/06/2021,12:02:00,15,2,15.5,1.2,1157.9,1157.8,2,1,1.00,CYCLE,S
IND,208,10488,28656,06/06/2021,12:05:58,15,2,32.2,1.0,237.9,237.6,2,1,1.00,CYCLE,S
IND,208,10488,28656,06/06/2021,12:06:24,15,2,23.8,1.0,25.9,25.8,2,1,1.00,CYCLE,S
IND,208,10488,28656,06/06/2021,12:59:28,15,2,17.1,1.1,142.8,142.6,2,1,1.00,CYCLE,S
IND,208,10488,28656,06/06/2021,13:04:25,15,2,15.1,1.0,296.8,296.6,2,1,1.00,CYCLE,S
IND,208,10488,28656,06/06/2021,13:04:25,15,2,15.1,1.0,0.0,0.0,2,1,1.00,CYCLE,S
IND,208,10488,28656,06/06/2021,13:12:04,15,2,19.9,1.1,459.7,459.1,2,1,1.00,CYCLE,S
IND,208,10488,28656,06/06/2021,13:17:18,15,2,24.9,1.0,314.0,313.8,2,1,1.00,CYCLE,S
IND,208,10488,28656,06/06/2021,13:49:00,15,2,14.1,1.0,1901.2,1901.1,2,1,1.00,CYCLE,S
IND,208,10488,28656,06/06/2021,13:49:00,15,2,13.4,1.0,0.7,0.5,2,1,1.00,CYCLE,S
IND,208,10488,28656,06/06/2021,13:49:57,15,2,20.6,1.0,56.5,56.2,2,1,1.00,CYCLE,S
IND,208,10488,28656,06/06/2021,13:49:57,15,2,20.9,1.0,0.3,0.1,2,1,1.00,CYCLE,S
IND,208,10488,28656,06/06/2021,13:53:17,15,2,19.2,1.0,200.0,199.9,2,1,1.00,CYCLE,S
IND,208,10488,28656,06/06/2021,14:04:06,15,2,26.4,1.0,648.5,648.3,2,1,1.00,CYCLE,S
IND,208,10488,28656,06/06/2021,14:18:46,15,2,14.0,1.0,880.6,880.5,2,1,1.00,CYCLE,S
IND,208,10488,28656,06/06/2021,14:18:47,15,2,14.2,1.1,0.8,0.5,2,1,1.00,CYCLE,S
IND,208,10488,28656,06/06/2021,14:22:17,15,2,19.9,1.0,209.5,209.2,2,1,1.00,CYCLE,S
IND,208,10488,28656,06/06/2021,14:52:28,15,2,24.4,1.1,628.6,627.8,2,1,1.00,CYCLE,S
IND,208,10488,28656,06/06/2021,14:58:49,15,2,26.5,1.0,380.6,380.5,2,1,1.00,CYCLE,S
IND,208,10488,28656,06/06/2021,15:07:48,15,2,22.0,1.0,539.3,539.1,2,1,1.00,CYCLE,S
IND,208,10488,28656,06/06/2021,15:10:36,15,2,19.3,1.0,168.5,168.3,2,1,1.00,CYCLE,S
IND,208,10488,28656,06/06/2021,15:30:59,15,2,16.0,1.0,1222.6,1222.4,2,1,1.00,CYCLE,S
IND,208,10488,28656,06/06/2021,15:35:02,15,2,27.5,1.0,243.2,243.0,2,1,1.00,CYCLE,S
IND,208,10488,28656,06/06/2021,15:43:34,15,2,29.1,1.0,511.9,511.8,2,1,1.00,CYCLE,S
IND,208,10488,28656,06/06/2021,15:48:41,15,2,15.5,1.0,306.6,306.5,2,1,1.00,CYCLE,S
IND,208,10488,28656,06/06/2021,15:52:50,15,2,25.9,1.0,249.1,248.9,2,1,1.00,CYCLE,S
IND,208,10488,28656,06/06/2021,16:03:11,15,2,21.0,1.0,620.5,620.4,2,1,1.00,CYCLE,S
IND,208,10488,28656,06/06/2021,16:28:16,15,2,19.5,1.1,596.9,596.4,2,1,1.00,CYCLE,S
IND,208,10488,28656,06/06/2021,16:30:56,15,2,15.9,1.1,160.6,160.4,2,1,1.00,CYCLE,S
IND,208,10488,28656,06/06/2021,16:34:00,15,2,23.6,1.1,14.3,14.1,2,1,1.00,CYCLE,S
IND,208,10488,28656,06/06/2021,16:35:07,15,2,24.5,1.0,20.5,20.3,2,1,1.00,CYCLE,S
IND,208,10488,28656,06/06/2021,16:38:16,15,2,21.2,1.1,189.1,188.9,2,1,1.00,CYCLE,S
IND,208,10488,28656,06/06/2021,16:50:13,15,2,23.0,1.0,717.2,717.0,2,1,1.00,CYCLE,S
IND,208,10488,28656,06/06/2021,16:50:16,15,2,23.3,1.1,2.2,2.0,2,1,1.00,CYCLE,S
IND,208,10488,28656,06/06/2021,16:51:44,15,2,32.5,1.0,88.8,88.7,2,1,1.00,CYCLE,S
IND,208,10488,28656,06/06/2021,17:10:39,15,2,18.1,1.0,401.6,401.4,2,1,1.00,CYCLE,S
IND,208,10488,28656,06/06/2021,18:16:09,15,2,28.5,1.0,2892.9,2892.8,2,1,1.00,CYCLE,S
IND,208,10488,28656,06/06/2021,18:46:39,15,2,20.8,1.1,1830.4,1830.3,2,1,1.00,CYCLE,S
IND,208,10488,28656,06/06/2021,20:43:52,15,2,28.7,1.1,6933.9,6933.8,2,1,1.00,CYCLE,S
IND,208,10488,28656,06/06/2021,20:57:01,15,2,34.1,1.0,789.6,789.5,2,1,1.00,CYCLE,S
IND,208,10488,28656,06/06/2021,22:00:21,15,2,19.4,1.0,1350.7,1350.5,2,1,1.00,CYCLE,S
